,series,nameLocKey,instanceName,cores,category,ram,tier,hasPayGo,isInPreview,diskSize,type,hasSpot,isVcpu,isConstrainedCore,isBaseVm,activeCores,productId,nvMeDisk,gpu,fpga,pmem
0,av2,a1v2,A1 v2,1,generalpurpose,2.0,standard,True,False,10.0,linux,True,False,False,True,,,,,,
1,av2,a2mv2,A2m v2,2,generalpurpose,16.0,standard,True,False,20.0,linux,True,False,False,True,,,,,,
2,av2,a2v2,A2 v2,2,generalpurpose,4.0,standard,True,False,20.0,linux,True,False,False,True,,,,,,
3,av2,a4mv2,A4m v2,4,generalpurpose,32.0,standard,True,False,40.0,linux,True,False,False,True,,,,,,
4,av2,a4v2,A4 v2,4,generalpurpose,8.0,standard,True,False,40.0,linux,True,False,False,True,,,,,,
5,av2,a8mv2,A8m v2,8,generalpurpose,64.0,standard,True,False,80.0,linux,True,False,False,True,,,,,,
6,av2,a8v2,A8 v2,8,generalpurpose,16.0,standard,True,False,80.0,linux,True,False,False,True,,,,,,
7,bs,b12ms,B12ms,12,generalpurpose,48.0,standard,True,False,96.0,linux,False,False,False,True,,,,,,
8,bs,b16ms,B16ms,16,generalpurpose,64.0,standard,True,False,128.0,linux,False,False,False,True,,,,,,
9,bs,b1ls,B1ls,1,generalpurpose,0.5,standard,True,False,4.0,linux,False,False,False,True,,,,,,
10,bs,b1ms,B1ms,1,generalpurpose,2.0,standard,True,False,4.0,linux,False,False,False,True,,,,,,
11,bs,b1s,B1s,1,generalpurpose,1.0,standard,True,False,4.0,linux,False,False,False,True,,,,,,
12,bs,b20ms,B20ms,20,generalpurpose,80.0,standard,True,False,160.0,linux,False,False,False,True,,,,,,
13,bs,b2ms,B2ms,2,generalpurpose,8.0,standard,True,False,16.0,linux,False,False,False,True,,,,,,
14,bs,b2s,B2s,2,generalpurpose,4.0,standard,True,False,8.0,linux,False,False,False,True,,,,,,
15,bs,b4ms,B4ms,4,generalpurpose,16.0,standard,True,False,32.0,linux,False,False,False,True,,,,,,
16,bs,b8ms,B8ms,8,generalpurpose,32.0,standard,True,False,64.0,linux,False,False,False,True,,,,,,
17,dv2,d11v2,D11 v2,2,memoryoptimized,14.0,standard,True,False,100.0,linux,True,True,False,True,,,,,,
18,dv2,d12v2,D12 v2,4,memoryoptimized,28.0,standard,True,False,200.0,linux,True,True,False,True,,,,,,
19,dv2,d13v2,D13 v2,8,memoryoptimized,56.0,standard,True,False,400.0,linux,True,True,False,True,,,,,,
20,dv2,d14v2,D14 v2,16,memoryoptimized,112.0,standard,True,False,800.0,linux,True,True,False,True,,,,,,
21,dv2,d15iv2,D15i v2,20,memoryoptimized,140.0,standard,True,False,1000.0,linux,True,True,False,True,,,,,,
22,dv2,d15v2,D15 v2,20,memoryoptimized,140.0,standard,True,False,1000.0,linux,True,True,False,True,,,,,,
23,dadsv5,d16adsv5,D16ads v5,16,generalpurpose,64.0,standard,True,False,600.0,linux,True,True,False,True,,,,,,
24,dasv4,d16asv4,D16as v4,16,generalpurpose,64.0,standard,True,False,128.0,linux,True,True,False,True,,,,,,
25,dasv5,d16asv5,D16as v5,16,generalpurpose,64.0,standard,True,False,,linux,True,True,False,True,,,,,,
26,dav4,d16av4,D16a v4,16,generalpurpose,64.0,standard,True,False,400.0,linux,True,True,False,True,,,,,,
27,ddsv4,d16dsv4,D16ds v4,16,generalpurpose,64.0,standard,True,False,600.0,linux,True,True,False,True,,,,,,
28,ddsv5,d16dsv5,D16ds v5,16,generalpurpose,64.0,standard,True,False,600.0,linux,True,True,False,True,,,,,,
29,ddv4,d16dv4,D16d v4,16,generalpurpose,64.0,standard,True,False,600.0,linux,True,True,False,True,,,,,,
30,ddv5,d16dv5,D16d v5,16,generalpurpose,64.0,standard,True,False,600.0,linux,True,True,False,True,,,,,,
31,dpdsv5,d16pdsv5,D16pds v5,16,generalpurpose,64.0,standard,True,False,600.0,linux,True,True,False,True,,,,,,
32,dpldsv5,d16pldsv5,D16plds v5,16,generalpurpose,32.0,standard,True,False,600.0,linux,True,True,False,True,,,,,,
33,dplsv5,d16plsv5,D16pls v5,16,generalpurpose,32.0,standard,True,False,0.0,linux,True,True,False,True,,,,,,
34,dpsv5,d16psv5,D16ps v5,16,generalpurpose,64.0,standard,True,False,0.0,linux,True,True,False,True,,,,,,
35,dsv3,d16sv3,D16s v3,16,generalpurpose,64.0,standard,True,False,128.0,linux,True,True,False,True,,,,,,
36,dsv4,d16sv4,D16s v4,16,generalpurpose,64.0,standard,True,False,0.0,linux,True,True,False,True,,,,,,
37,dsv5,d16sv5,D16s v5,16,generalpurpose,64.0,standard,True,False,,linux,True,True,False,True,,,,,,
38,dv3,d16v3,D16 v3,16,generalpurpose,64.0,standard,True,False,400.0,linux,True,True,False,True,,,,,,
39,dv4,d16v4,D16 v4,16,generalpurpose,64.0,standard,True,False,0.0,linux,True,True,False,True,,,,,,
40,dv5,d16v5,D16 v5,16,generalpurpose,64.0,standard,True,False,,linux,True,True,False,True,,,,,,
41,dv2,d1v2,D1 v2,1,generalpurpose,3.5,standard,True,False,50.0,linux,True,True,False,True,,,,,,
42,dadsv5,d2adsv5,D2ads v5,2,generalpurpose,8.0,standard,True,False,75.0,linux,True,True,False,True,,,,,,
43,dasv4,d2asv4,D2as v4,2,generalpurpose,8.0,standard,True,False,16.0,linux,True,True,False,True,,,,,,
44,dasv5,d2asv5,D2as v5,2,generalpurpose,8.0,standard,True,False,,linux,True,True,False,True,,,,,,
45,dav4,d2av4,D2a v4,2,generalpurpose,8.0,standard,True,False,50.0,linux,True,True,False,True,,,,,,
46,ddsv4,d2dsv4,D2ds v4,2,generalpurpose,8.0,standard,True,False,75.0,linux,True,True,False,True,,,,,,
47,ddsv5,d2dsv5,D2ds v5,2,generalpurpose,8.0,standard,True,False,75.0,linux,True,True,False,True,,,,,,
48,ddv4,d2dv4,D2d v4,2,generalpurpose,8.0,standard,True,False,75.0,linux,True,True,False,True,,,,,,
49,ddv5,d2dv5,D2d v5,2,generalpurpose,8.0,standard,True,False,75.0,linux,True,True,False,True,,,,,,
50,dpdsv5,d2pdsv5,D2pds v5,2,generalpurpose,8.0,standard,True,False,75.0,linux,True,True,False,True,,,,,,
51,dpldsv5,d2pldsv5,D2plds v5,2,generalpurpose,4.0,standard,True,False,75.0,linux,True,True,False,True,,,,,,
52,dplsv5,d2plsv5,D2pls v5,2,generalpurpose,4.0,standard,True,False,0.0,linux,True,True,False,True,,,,,,
53,dpsv5,d2psv5,D2ps v5,2,generalpurpose,8.0,standard,True,False,0.0,linux,True,True,False,True,,,,,,
54,dsv3,d2sv3,D2s v3,2,generalpurpose,8.0,standard,True,False,16.0,linux,True,True,False,True,,,,,,
55,dsv4,d2sv4,D2s v4,2,generalpurpose,8.0,standard,True,False,0.0,linux,True,True,False,True,,,,,,
56,dsv5,d2sv5,D2s v5,2,generalpurpose,8.0,standard,True,False,,linux,True,True,False,True,,,,,,
57,dv2,d2v2,D2 v2,2,generalpurpose,7.0,standard,True,False,100.0,linux,True,True,False,True,,,,,,
58,dv3,d2v3,D2 v3,2,generalpurpose,8.0,standard,True,False,50.0,linux,True,True,False,True,,,,,,
59,dv4,d2v4,D2 v4,2,generalpurpose,8.0,standard,True,False,0.0,linux,True,True,False,True,,,,,,
60,dv5,d2v5,D2 v5,2,generalpurpose,8.0,standard,True,False,,linux,True,True,False,True,,,,,,
61,dadsv5,d32adsv5,D32ads v5,32,generalpurpose,128.0,standard,True,False,1200.0,linux,True,True,False,True,,,,,,
62,dasv4,d32asv4,D32as v4,32,generalpurpose,128.0,standard,True,False,256.0,linux,True,True,False,True,,,,,,
63,dasv5,d32asv5,D32as v5,32,generalpurpose,128.0,standard,True,False,,linux,True,True,False,True,,,,,,
64,dav4,d32av4,D32a v4,32,generalpurpose,128.0,standard,True,False,800.0,linux,True,True,False,True,,,,,,
65,ddsv4,d32dsv4,D32ds v4,32,generalpurpose,128.0,standard,True,False,1200.0,linux,True,True,False,True,,,,,,
66,ddsv5,d32dsv5,D32ds v5,32,generalpurpose,128.0,standard,True,False,1200.0,linux,True,True,False,True,,,,,,
67,ddv4,d32dv4,D32d v4,32,generalpurpose,128.0,standard,True,False,1200.0,linux,True,True,False,True,,,,,,
68,ddv5,d32dv5,D32d v5,32,generalpurpose,128.0,standard,True,False,1200.0,linux,True,True,False,True,,,,,,
69,dpdsv5,d32pdsv5,D32pds v5,32,generalpurpose,128.0,standard,True,False,1200.0,linux,True,True,False,True,,,,,,
70,dpldsv5,d32pldsv5,D32plds v5,32,generalpurpose,64.0,standard,True,False,1200.0,linux,True,True,False,True,,,,,,
71,dplsv5,d32plsv5,D32pls v5,32,generalpurpose,64.0,standard,True,False,0.0,linux,True,True,False,True,,,,,,
72,dpsv5,d32psv5,D32ps v5,32,generalpurpose,128.0,standard,True,False,0.0,linux,True,True,False,True,,,,,,
73,dsv3,d32sv3,D32s v3,32,generalpurpose,128.0,standard,True,False,256.0,linux,True,True,False,True,,,,,,
74,dsv4,d32sv4,D32s v4,32,generalpurpose,128.0,standard,True,False,0.0,linux,True,True,False,True,,,,,,
75,dsv5,d32sv5,D32s v5,32,generalpurpose,128.0,standard,True,False,,linux,True,True,False,True,,,,,,
76,dv3,d32v3,D32 v3,32,generalpurpose,128.0,standard,True,False,800.0,linux,True,True,False,True,,,,,,
77,dv4,d32v4,D32 v4,32,generalpurpose,128.0,standard,True,False,0.0,linux,True,True,False,True,,,,,,
78,dv5,d32v5,D32 v5,32,generalpurpose,128.0,standard,True,False,,linux,True,True,False,True,,,,,,
79,dv2,d3v2,D3 v2,4,generalpurpose,14.0,standard,True,False,200.0,linux,True,True,False,True,,,,,,
80,dadsv5,d48adsv5,D48ads v5,48,generalpurpose,192.0,standard,True,False,1800.0,linux,True,True,False,True,,,,,,
81,dasv4,d48asv4,D48as v4,48,generalpurpose,192.0,standard,True,False,384.0,linux,True,True,False,True,,,,,,
82,dasv5,d48asv5,D48as v5,48,generalpurpose,192.0,standard,True,False,,linux,True,True,False,True,,,,,,
83,dav4,d48av4,D48a v4,48,generalpurpose,192.0,standard,True,False,1200.0,linux,True,True,False,True,,,,,,
84,ddsv4,d48dsv4,D48ds v4,48,generalpurpose,192.0,standard,True,False,1800.0,linux,True,True,False,True,,,,,,
85,ddsv5,d48dsv5,D48ds v5,48,generalpurpose,192.0,standard,True,False,1800.0,linux,True,True,False,True,,,,,,
86,ddv4,d48dv4,D48d v4,48,generalpurpose,192.0,standard,True,False,1800.0,linux,True,True,False,True,,,,,,
87,ddv5,d48dv5,D48d v5,48,generalpurpose,192.0,standard,True,False,1800.0,linux,True,True,False,True,,,,,,
88,dpdsv5,d48pdsv5,D48pds v5,48,generalpurpose,192.0,standard,True,False,1800.0,linux,True,True,False,True,,,,,,
89,dpldsv5,d48pldsv5,D48plds v5,48,generalpurpose,96.0,standard,True,False,1800.0,linux,True,True,False,True,,,,,,
90,dplsv5,d48plsv5,D48pls v5,48,generalpurpose,96.0,standard,True,False,0.0,linux,True,True,False,True,,,,,,
91,dpsv5,d48psv5,D48ps v5,48,generalpurpose,192.0,standard,True,False,0.0,linux,True,True,False,True,,,,,,
92,dsv3,d48sv3,D48s v3,48,generalpurpose,192.0,standard,True,False,384.0,linux,True,True,False,True,,,,,,
93,dsv4,d48sv4,D48s v4,48,generalpurpose,192.0,standard,True,False,0.0,linux,True,True,False,True,,,,,,
94,dsv5,d48sv5,D48s v5,48,generalpurpose,192.0,standard,True,False,,linux,True,True,False,True,,,,,,
95,dv3,d48v3,D48 v3,48,generalpurpose,192.0,standard,True,False,1200.0,linux,True,True,False,True,,,,,,
96,dv4,d48v4,D48 v4,48,generalpurpose,192.0,standard,True,False,0.0,linux,True,True,False,True,,,,,,
97,dv5,d48v5,D48 v5,48,generalpurpose,192.0,standard,True,False,,linux,True,True,False,True,,,,,,
98,dadsv5,d4adsv5,D4ads v5,4,generalpurpose,16.0,standard,True,False,150.0,linux,True,True,False,True,,,,,,
99,dasv4,d4asv4,D4as v4,4,generalpurpose,16.0,standard,True,False,32.0,linux,True,True,False,True,,,,,,
100,dasv5,d4asv5,D4as v5,4,generalpurpose,16.0,standard,True,False,,linux,True,True,False,True,,,,,,
101,dav4,d4av4,D4a v4,4,generalpurpose,16.0,standard,True,False,100.0,linux,True,True,False,True,,,,,,
102,ddsv4,d4dsv4,D4ds v4,4,generalpurpose,16.0,standard,True,False,150.0,linux,True,True,False,True,,,,,,
103,ddsv5,d4dsv5,D4ds v5,4,generalpurpose,16.0,standard,True,False,150.0,linux,True,True,False,True,,,,,,
104,ddv4,d4dv4,D4d v4,4,generalpurpose,16.0,standard,True,False,150.0,linux,True,True,False,True,,,,,,
105,ddv5,d4dv5,D4d v5,4,generalpurpose,16.0,standard,True,False,150.0,linux,True,True,False,True,,,,,,
106,dpdsv5,d4pdsv5,D4pds v5,4,generalpurpose,16.0,standard,True,False,150.0,linux,True,True,False,True,,,,,,
107,dpldsv5,d4pldsv5,D4plds v5,4,generalpurpose,8.0,standard,True,False,150.0,linux,True,True,False,True,,,,,,
108,dplsv5,d4plsv5,D4pls v5,4,generalpurpose,8.0,standard,True,False,0.0,linux,True,True,False,True,,,,,,
109,dpsv5,d4psv5,D4ps v5,4,generalpurpose,16.0,standard,True,False,0.0,linux,True,True,False,True,,,,,,
110,dsv3,d4sv3,D4s v3,4,generalpurpose,16.0,standard,True,False,32.0,linux,True,True,False,True,,,,,,
111,dsv4,d4sv4,D4s v4,4,generalpurpose,16.0,standard,True,False,0.0,linux,True,True,False,True,,,,,,
112,dsv5,d4sv5,D4s v5,4,generalpurpose,16.0,standard,True,False,,linux,True,True,False,True,,,,,,
113,dv2,d4v2,D4 v2,8,generalpurpose,28.0,standard,True,False,400.0,linux,True,True,False,True,,,,,,
114,dv3,d4v3,D4 v3,4,generalpurpose,16.0,standard,True,False,100.0,linux,True,True,False,True,,,,,,
115,dv4,d4v4,D4 v4,4,generalpurpose,16.0,standard,True,False,0.0,linux,True,True,False,True,,,,,,
116,dv5,d4v5,D4 v5,4,generalpurpose,16.0,standard,True,False,,linux,True,True,False,True,,,,,,
117,dv2,d5v2,D5 v2,16,generalpurpose,56.0,standard,True,False,800.0,linux,True,True,False,True,,,,,,
118,dadsv5,d64adsv5,D64ads v5,64,generalpurpose,256.0,standard,True,False,2400.0,linux,True,True,False,True,,,,,,
119,dasv4,d64asv4,D64as v4,64,generalpurpose,256.0,standard,True,False,512.0,linux,True,True,False,True,,,,,,
120,dasv5,d64asv5,D64as v5,64,generalpurpose,256.0,standard,True,False,,linux,True,True,False,True,,,,,,
121,dav4,d64av4,D64a v4,64,generalpurpose,256.0,standard,True,False,1600.0,linux,True,True,False,True,,,,,,
122,ddsv4,d64dsv4,D64ds v4,64,generalpurpose,256.0,standard,True,False,2400.0,linux,True,True,False,True,,,,,,
123,ddsv5,d64dsv5,D64ds v5,64,generalpurpose,256.0,standard,True,False,2400.0,linux,True,True,False,True,,,,,,
124,ddv4,d64dv4,D64d v4,64,generalpurpose,256.0,standard,True,False,2400.0,linux,True,True,False,True,,,,,,
125,ddv5,d64dv5,D64d v5,64,generalpurpose,256.0,standard,True,False,2400.0,linux,True,True,False,True,,,,,,
126,dpdsv5,d64pdsv5,D64pds v5,64,generalpurpose,208.0,standard,True,False,2400.0,linux,True,True,False,True,,,,,,
127,dpldsv5,d64pldsv5,D64plds v5,64,generalpurpose,128.0,standard,True,False,2400.0,linux,True,True,False,True,,,,,,
128,dplsv5,d64plsv5,D64pls v5,64,generalpurpose,128.0,standard,True,False,0.0,linux,True,True,False,True,,,,,,
129,dpsv5,d64psv5,D64ps v5,64,generalpurpose,208.0,standard,True,False,0.0,linux,True,True,False,True,,,,,,
130,dsv3,d64sv3,D64s v3,64,generalpurpose,256.0,standard,True,False,512.0,linux,True,True,False,True,,,,,,
131,dsv4,d64sv4,D64s v4,64,generalpurpose,256.0,standard,True,False,0.0,linux,True,True,False,True,,,,,,
132,dsv5,d64sv5,D64s v5,64,generalpurpose,256.0,standard,True,False,,linux,True,True,False,True,,,,,,
133,dv3,d64v3,D64 v3,64,generalpurpose,256.0,standard,True,False,1600.0,linux,True,True,False,True,,,,,,
134,dv4,d64v4,D64 v4,64,generalpurpose,256.0,standard,True,False,0.0,linux,True,True,False,True,,,,,,
135,dv5,d64v5,D64 v5,64,generalpurpose,256.0,standard,True,False,,linux,True,True,False,True,,,,,,
136,dadsv5,d8adsv5,D8ads v5,8,generalpurpose,32.0,standard,True,False,300.0,linux,True,True,False,True,,,,,,
137,dasv4,d8asv4,D8as v4,8,generalpurpose,32.0,standard,True,False,64.0,linux,True,True,False,True,,,,,,
138,dasv5,d8asv5,D8as v5,8,generalpurpose,32.0,standard,True,False,,linux,True,True,False,True,,,,,,
139,dav4,d8av4,D8a v4,8,generalpurpose,32.0,standard,True,False,200.0,linux,True,True,False,True,,,,,,
140,ddsv4,d8dsv4,D8ds v4,8,generalpurpose,32.0,standard,True,False,300.0,linux,True,True,False,True,,,,,,
141,ddsv5,d8dsv5,D8ds v5,8,generalpurpose,32.0,standard,True,False,300.0,linux,True,True,False,True,,,,,,
142,ddv4,d8dv4,D8d v4,8,generalpurpose,32.0,standard,True,False,300.0,linux,True,True,False,True,,,,,,
143,ddv5,d8dv5,D8d v5,8,generalpurpose,32.0,standard,True,False,300.0,linux,True,True,False,True,,,,,,
144,dpdsv5,d8pdsv5,D8pds v5,8,generalpurpose,32.0,standard,True,False,300.0,linux,True,True,False,True,,,,,,
145,dpldsv5,d8pldsv5,D8plds v5,8,generalpurpose,16.0,standard,True,False,300.0,linux,True,True,False,True,,,,,,
146,dplsv5,d8plsv5,D8pls v5,8,generalpurpose,16.0,standard,True,False,0.0,linux,True,True,False,True,,,,,,
147,dpsv5,d8psv5,D8ps v5,8,generalpurpose,32.0,standard,True,False,0.0,linux,True,True,False,True,,,,,,
148,dsv3,d8sv3,D8s v3,8,generalpurpose,32.0,standard,True,False,64.0,linux,True,True,False,True,,,,,,
149,dsv4,d8sv4,D8s v4,8,generalpurpose,32.0,standard,True,False,0.0,linux,True,True,False,True,,,,,,
150,dsv5,d8sv5,D8s v5,8,generalpurpose,32.0,standard,True,False,,linux,True,True,False,True,,,,,,
151,dv3,d8v3,D8 v3,8,generalpurpose,32.0,standard,True,False,200.0,linux,True,True,False,True,,,,,,
152,dv4,d8v4,D8 v4,8,generalpurpose,32.0,standard,True,False,0.0,linux,True,True,False,True,,,,,,
153,dv5,d8v5,D8 v5,8,generalpurpose,32.0,standard,True,False,,linux,True,True,False,True,,,,,,
154,dadsv5,d96adsv5,D96ads v5,96,generalpurpose,384.0,standard,True,False,3600.0,linux,True,True,False,True,,,,,,
155,dasv4,d96asv4,D96as v4,96,generalpurpose,384.0,standard,True,False,768.0,linux,True,True,False,True,,,,,,
156,dasv5,d96asv5,D96as v5,96,generalpurpose,384.0,standard,True,False,,linux,True,True,False,True,,,,,,
157,dav4,d96av4,D96a v4,96,generalpurpose,384.0,standard,True,False,2400.0,linux,True,True,False,True,,,,,,
158,ddsv5,d96dsv5,D96ds v5,96,generalpurpose,384.0,standard,True,False,3600.0,linux,True,True,False,True,,,,,,
159,ddv5,d96dv5,D96d v5,96,generalpurpose,384.0,standard,True,False,3600.0,linux,True,True,False,True,,,,,,
160,dsv5,d96sv5,D96s v5,96,generalpurpose,384.0,standard,True,False,,linux,True,True,False,True,,,,,,
161,dv5,d96v5,D96 v5,96,generalpurpose,384.0,standard,True,False,,linux,True,True,False,True,,,,,,
162,dcadsv5,dc16adsv5,DC16ads v5,16,generalpurpose,64.0,standard,True,False,600.0,linux,True,False,False,True,,,,,,
163,dcasv5,dc16asv5,DC16as v5,16,generalpurpose,64.0,standard,True,False,0.0,linux,True,False,False,True,,,,,,
164,dcdsv3,dc16dsv3,DC16ds v3,16,generalpurpose,128.0,standard,True,False,1200.0,linux,True,False,False,True,,,,,,
165,dcsv3,dc16sv3,DC16s v3,16,generalpurpose,128.0,standard,True,False,,linux,True,False,False,True,,,,,,
166,dcdsv3,dc1dsv3,DC1ds v3,1,generalpurpose,8.0,standard,True,False,75.0,linux,True,False,False,True,,,,,,
167,dcsv2,dc1sv2,DC1s v2,1,generalpurpose,4.0,standard,True,False,50.0,linux,True,False,False,True,,,,,,
168,dcsv3,dc1sv3,DC1s v3,1,generalpurpose,8.0,standard,True,False,,linux,True,False,False,True,,,,,,
169,dcdsv3,dc24dsv3,DC24ds v3,24,generalpurpose,192.0,standard,True,False,1800.0,linux,True,False,False,True,,,,,,
170,dcsv3,dc24sv3,DC24s v3,24,generalpurpose,192.0,standard,True,False,,linux,True,False,False,True,,,,,,
171,dcadsv5,dc2adsv5,DC2ads v5,2,generalpurpose,8.0,standard,True,False,75.0,linux,True,False,False,True,,,,,,
172,dcasv5,dc2asv5,DC2as v5,2,generalpurpose,8.0,standard,True,False,0.0,linux,True,False,False,True,,,,,,
173,dcdsv3,dc2dsv3,DC2ds v3,2,generalpurpose,16.0,standard,True,False,150.0,linux,True,False,False,True,,,,,,
174,dcsv2,dc2sv2,DC2s v2,2,generalpurpose,8.0,standard,True,False,100.0,linux,True,False,False,True,,,,,,
175,dcsv3,dc2sv3,DC2s v3,2,generalpurpose,16.0,standard,True,False,,linux,True,False,False,True,,,,,,
176,dcadsv5,dc32adsv5,DC32ads v5,32,generalpurpose,128.0,standard,True,False,1200.0,linux,True,False,False,True,,,,,,
177,dcasv5,dc32asv5,DC32as v5,32,generalpurpose,128.0,standard,True,False,0.0,linux,True,False,False,True,,,,,,
178,dcdsv3,dc32dsv3,DC32ds v3,32,generalpurpose,256.0,standard,True,False,2400.0,linux,True,False,False,True,,,,,,
179,dcsv3,dc32sv3,DC32s v3,32,generalpurpose,256.0,standard,True,False,,linux,True,False,False,True,,,,,,
180,dcadsv5,dc48adsv5,DC48ads v5,48,generalpurpose,192.0,standard,True,False,1800.0,linux,True,False,False,True,,,,,,
181,dcasv5,dc48asv5,DC48as v5,48,generalpurpose,192.0,standard,True,False,0.0,linux,True,False,False,True,,,,,,
182,dcdsv3,dc48dsv3,DC48ds v3,48,generalpurpose,384.0,standard,True,False,2400.0,linux,True,False,False,True,,,,,,
183,dcsv3,dc48sv3,DC48s v3,48,generalpurpose,384.0,standard,True,False,,linux,True,False,False,True,,,,,,
184,dcadsv5,dc4adsv5,DC4ads v5,4,generalpurpose,16.0,standard,True,False,150.0,linux,True,False,False,True,,,,,,
185,dcasv5,dc4asv5,DC4as v5,4,generalpurpose,16.0,standard,True,False,0.0,linux,True,False,False,True,,,,,,
186,dcdsv3,dc4dsv3,DC4ds v3,4,generalpurpose,32.0,standard,True,False,300.0,linux,True,False,False,True,,,,,,
187,dcsv2,dc4sv2,DC4s v2,4,generalpurpose,16.0,standard,True,False,200.0,linux,True,False,False,True,,,,,,
188,dcsv3,dc4sv3,DC4s v3,4,generalpurpose,32.0,standard,True,False,,linux,True,False,False,True,,,,,,
189,dcadsv5,dc64adsv5,DC64ads v5,64,generalpurpose,256.0,standard,True,False,2400.0,linux,True,False,False,True,,,,,,
190,dcasv5,dc64asv5,DC64as v5,64,generalpurpose,256.0,standard,True,False,0.0,linux,True,False,False,True,,,,,,
191,dcadsv5,dc8adsv5,DC8ads v5,8,generalpurpose,32.0,standard,True,False,300.0,linux,True,False,False,True,,,,,,
192,dcasv5,dc8asv5,DC8as v5,8,generalpurpose,32.0,standard,True,False,0.0,linux,True,False,False,True,,,,,,
193,dcdsv3,dc8dsv3,DC8ds v3,8,generalpurpose,64.0,standard,True,False,600.0,linux,True,False,False,True,,,,,,
194,dcsv2,dc8sv2,DC8 v2,8,generalpurpose,32.0,standard,True,False,400.0,linux,True,False,False,True,,,,,,
195,dcsv3,dc8sv3,DC8s v3,8,generalpurpose,64.0,standard,True,False,,linux,True,False,False,True,,,,,,
196,dcadsv5,dc96adsv5,DC96ads v5,96,generalpurpose,384.0,standard,True,False,3600.0,linux,True,False,False,True,,,,,,
197,dcasv5,dc96asv5,DC96as v5,96,generalpurpose,384.0,standard,True,False,0.0,linux,True,False,False,True,,,,,,
198,dsv2,ds11-1-v2,DS11-1 v2,2,memoryoptimized,14.0,standard,True,False,28.0,linux,True,True,True,True,1.0,,,,,
199,dsv2,ds11v2,DS11 v2,2,memoryoptimized,14.0,standard,True,False,28.0,linux,True,True,False,True,,,,,,
200,dsv2,ds12-1-v2,DS12-1 v2,4,memoryoptimized,28.0,standard,True,False,56.0,linux,True,True,True,True,1.0,,,,,
201,dsv2,ds12-2-v2,DS12-2 v2,4,memoryoptimized,28.0,standard,True,False,56.0,linux,True,True,True,True,2.0,,,,,
202,dsv2,ds12v2,DS12 v2,4,memoryoptimized,28.0,standard,True,False,56.0,linux,True,True,False,True,,,,,,
203,dsv2,ds13-2-v2,DS13-2 v2,8,memoryoptimized,56.0,standard,True,False,112.0,linux,True,True,True,True,2.0,,,,,
204,dsv2,ds13-4-v2,DS13-4 v2,8,memoryoptimized,56.0,standard,True,False,112.0,linux,True,True,True,True,4.0,,,,,
205,dsv2,ds13v2,DS13 v2,8,memoryoptimized,56.0,standard,True,False,112.0,linux,True,True,False,True,,,,,,
206,dsv2,ds14-4-v2,DS14-4 v2,16,memoryoptimized,112.0,standard,True,False,224.0,linux,True,True,True,True,4.0,,,,,
207,dsv2,ds14-8-v2,DS14-8 v2,16,memoryoptimized,112.0,standard,True,False,224.0,linux,True,True,True,True,8.0,,,,,
208,dsv2,ds14v2,DS14 v2,16,memoryoptimized,112.0,standard,True,False,224.0,linux,True,True,False,True,,,,,,
209,dsv2,ds15iv2,D15i v2,20,memoryoptimized,140.0,standard,True,False,280.0,linux,True,True,False,True,,,,,,
210,dsv2,ds15v2,DS15 v2,20,memoryoptimized,140.0,standard,True,False,280.0,linux,True,True,False,True,,,,,,
211,dsv2,ds1v2,DS1 v2,1,generalpurpose,3.5,standard,True,False,7.0,linux,True,True,False,True,,,,,,
212,dsv2,ds2v2,DS2 v2,2,generalpurpose,7.0,standard,True,False,14.0,linux,True,True,False,True,,,,,,
213,dsv2,ds3v2,DS3 v2,4,generalpurpose,14.0,standard,True,False,28.0,linux,True,True,False,True,,,,,,
214,dsv2,ds4v2,DS4 v2,8,generalpurpose,28.0,standard,True,False,56.0,linux,True,True,False,True,,,,,,
215,dsv2,ds5v2,DS5 v2,16,generalpurpose,56.0,standard,True,False,112.0,linux,True,True,False,True,,,,,,
216,edsv5,e104idsv5,E104ids v5,104,memoryoptimized,672.0,standard,True,False,3900.0,linux,True,True,False,True,,,,,,
217,edv5,e104idv5,E104id v5,104,memoryoptimized,672.0,standard,True,False,3900.0,linux,True,True,False,True,,,,,,
218,esv5,e104isv5,E104is v5,104,memoryoptimized,672.0,standard,True,False,,linux,True,True,False,True,,,,,,
219,ev5,e104iv5,E104i v5,104,memoryoptimized,672.0,standard,True,False,,linux,True,True,False,True,,,,,,
220,ebdsv5,e112bdsv5,E112ibds v5,112,memoryoptimized,672.0,standard,True,False,3800.0,linux,True,True,False,True,,,,,,
221,ebsv5,e112bsv5,E112ibs v5,112,memoryoptimized,672.0,standard,True,False,,linux,True,True,False,True,,,,,,
222,eadsv5,e16-4adsv5,E16-4ads v5,16,memoryoptimized,128.0,standard,True,False,600.0,linux,True,True,True,True,4.0,,,,,
223,easv4,e16-4as-v4,E16-4as v4,16,memoryoptimized,128.0,standard,True,False,256.0,linux,True,True,True,True,4.0,,,,,
224,easv5,e16-4asv5,E16-4as v5,16,memoryoptimized,128.0,standard,True,False,,linux,True,True,True,True,4.0,,,,,
225,edsv4,e16-4ds-v4,E16-4ds v4,16,memoryoptimized,128.0,standard,True,False,600.0,linux,True,True,True,True,4.0,,,,,
226,edsv5,e16-4dsv5,E16-4ds v5,16,memoryoptimized,128.0,standard,True,False,600.0,linux,True,True,True,True,4.0,,,,,
227,esv3,e16-4s-v3,E16-4s v3,16,memoryoptimized,128.0,standard,True,False,256.0,linux,True,True,True,True,4.0,,,,,
228,esv4,e16-4s-v4,E16-4s v4,16,memoryoptimized,128.0,standard,True,False,0.0,linux,True,True,True,True,4.0,,,,,
229,esv5,e16-4sv5,E16-4s v5,16,memoryoptimized,128.0,standard,True,False,0.0,linux,True,True,True,True,4.0,,,,,
230,eadsv5,e16-8adsv5,E16-8ads v5,16,memoryoptimized,128.0,standard,True,False,600.0,linux,True,True,True,True,8.0,,,,,
231,easv4,e16-8as-v4,E16-8as v4,16,memoryoptimized,128.0,standard,True,False,256.0,linux,True,True,True,True,8.0,,,,,
232,easv5,e16-8asv5,E16-8as v5,16,memoryoptimized,128.0,standard,True,False,,linux,True,True,True,True,8.0,,,,,
233,edsv4,e16-8ds-v4,E16-8ds v4,16,memoryoptimized,128.0,standard,True,False,600.0,linux,True,True,True,True,8.0,,,,,
234,edsv5,e16-8dsv5,E16-8ds v5,16,memoryoptimized,128.0,standard,True,False,600.0,linux,True,True,True,True,8.0,,,,,
235,esv3,e16-8s-v3,E16-8s v3,16,memoryoptimized,128.0,standard,True,False,256.0,linux,True,True,True,True,8.0,,,,,
236,esv4,e16-8s-v4,E16-8s v4,16,memoryoptimized,128.0,standard,True,False,0.0,linux,True,True,True,True,8.0,,,,,
237,esv5,e16-8sv5,E16-8s v5,16,memoryoptimized,128.0,standard,True,False,0.0,linux,True,True,True,True,8.0,,,,,
238,eadsv5,e16adsv5,E16ads v5,16,memoryoptimized,128.0,standard,True,False,600.0,linux,True,True,False,True,,,,,,
239,easv4,e16asv4,E16as v4,16,memoryoptimized,128.0,standard,True,False,256.0,linux,True,True,False,True,,,,,,
240,easv5,e16asv5,E16as v5,16,memoryoptimized,128.0,standard,True,False,,linux,True,True,False,True,,,,,,
241,eav4,e16av4,E16a v4,16,memoryoptimized,128.0,standard,True,False,400.0,linux,True,True,False,True,,,,,,
242,ebdsv5,e16bdsv5,E16bds v5,16,memoryoptimized,128.0,standard,True,False,600.0,linux,True,True,False,True,,,,,,
243,ebsv5,e16bsv5,E16bs v5,16,memoryoptimized,128.0,standard,True,False,,linux,True,True,False,True,,,,,,
244,edsv4,e16dsv4,E16ds v4,16,memoryoptimized,128.0,standard,True,False,600.0,linux,True,True,False,True,,,,,,
245,edsv5,e16dsv5,E16ds v5,16,memoryoptimized,128.0,standard,True,False,600.0,linux,True,True,False,True,,,,,,
246,edv4,e16dv4,E16d v4,16,memoryoptimized,128.0,standard,True,False,600.0,linux,True,True,False,True,,,,,,
247,edv5,e16dv5,E16d v5,16,memoryoptimized,128.0,standard,True,False,600.0,linux,True,True,False,True,,,,,,
248,epdsv5,e16pdsv5,E16pds v5,16,memoryoptimized,128.0,standard,True,False,600.0,linux,True,True,False,True,,,,,,
249,epsv5,e16psv5,E16ps v5,16,memoryoptimized,128.0,standard,True,False,0.0,linux,True,True,False,True,,,,,,
250,esv3,e16sv3,E16s v3,16,memoryoptimized,128.0,standard,True,False,256.0,linux,True,True,False,True,,,,,,
251,esv4,e16sv4,E16s v4,16,memoryoptimized,128.0,standard,True,False,0.0,linux,True,True,False,True,,,,,,
252,esv5,e16sv5,E16s v5,16,memoryoptimized,128.0,standard,True,False,0.0,linux,True,True,False,True,,,,,,
253,ev3,e16v3,E16 v3,16,memoryoptimized,128.0,standard,True,False,400.0,linux,True,True,False,True,,,,,,
254,ev4,e16v4,E16 v4,16,memoryoptimized,128.0,standard,True,False,0.0,linux,True,True,False,True,,,,,,
255,ev5,e16v5,E16 v5,16,memoryoptimized,128.0,standard,True,False,,linux,True,True,False,True,,,,,,
256,eadsv5,e20adsv5,E20ads v5,20,memoryoptimized,160.0,standard,True,False,750.0,linux,True,True,False,True,,,,,,
257,easv4,e20asv4,E20as v4,20,memoryoptimized,160.0,standard,True,False,320.0,linux,True,True,False,True,,,,,,
258,easv5,e20asv5,E20as v5,20,memoryoptimized,160.0,standard,True,False,,linux,True,True,False,True,,,,,,
259,eav4,e20av4,E20a v4,20,memoryoptimized,160.0,standard,True,False,500.0,linux,True,True,False,True,,,,,,
260,edsv4,e20dsv4,E20ds v4,20,memoryoptimized,160.0,standard,True,False,750.0,linux,True,True,False,True,,,,,,
261,edsv5,e20dsv5,E20ds v5,20,memoryoptimized,160.0,standard,True,False,750.0,linux,True,True,False,True,,,,,,
262,edv4,e20dv4,E20d v4,20,memoryoptimized,160.0,standard,True,False,750.0,linux,True,True,False,True,,,,,,
263,edv5,e20dv5,E20d v5,20,memoryoptimized,160.0,standard,True,False,750.0,linux,True,True,False,True,,,,,,
264,epdsv5,e20pdsv5,E20pds v5,20,memoryoptimized,160.0,standard,True,False,750.0,linux,True,True,False,True,,,,,,
265,epsv5,e20psv5,E20ps v5,20,memoryoptimized,160.0,standard,True,False,0.0,linux,True,True,False,True,,,,,,
266,esv3,e20sv3,E20s v3,20,memoryoptimized,160.0,standard,True,False,320.0,linux,True,True,False,True,,,,,,
267,esv4,e20sv4,E20s v4,20,memoryoptimized,160.0,standard,True,False,0.0,linux,True,True,False,True,,,,,,
268,esv5,e20sv5,E20s v5,20,memoryoptimized,160.0,standard,True,False,0.0,linux,True,True,False,True,,,,,,
269,ev3,e20v3,E20 v3,20,memoryoptimized,160.0,standard,True,False,500.0,linux,True,True,False,True,,,,,,
270,ev5,e20v5,E20 v5,20,memoryoptimized,160.0,standard,True,False,,linux,True,True,False,True,,,,,,
271,eadsv5,e2adsv5,E2ads v5,2,memoryoptimized,16.0,standard,True,False,75.0,linux,True,True,False,True,,,,,,
272,easv4,e2asv4,E2as v4,2,memoryoptimized,16.0,standard,True,False,32.0,linux,True,True,False,True,,,,,,
273,easv5,e2asv5,E2as v5,2,memoryoptimized,16.0,standard,True,False,,linux,True,True,False,True,,,,,,
274,eav4,e2av4,E2a v4,2,memoryoptimized,16.0,standard,True,False,50.0,linux,True,True,False,True,,,,,,
275,ebdsv5,e2bdsv5,E2bds v5,2,memoryoptimized,16.0,standard,True,False,75.0,linux,True,True,False,True,,,,,,
276,ebsv5,e2bsv5,E2bs v5,2,memoryoptimized,16.0,standard,True,False,,linux,True,True,False,True,,,,,,
277,edsv4,e2dsv4,E2ds v4,2,memoryoptimized,16.0,standard,True,False,75.0,linux,True,True,False,True,,,,,,
278,edsv5,e2dsv5,E2ds v5,2,memoryoptimized,16.0,standard,True,False,75.0,linux,True,True,False,True,,,,,,
279,edv4,e2dv4,E2d v4,2,memoryoptimized,16.0,standard,True,False,75.0,linux,True,True,False,True,,,,,,
280,edv5,e2dv5,E2d v5,2,memoryoptimized,16.0,standard,True,False,75.0,linux,True,True,False,True,,,,,,
281,epdsv5,e2pdsv5,E2pds v5,2,memoryoptimized,16.0,standard,True,False,75.0,linux,True,True,False,True,,,,,,
282,epsv5,e2psv5,E2ps v5,2,memoryoptimized,16.0,standard,True,False,0.0,linux,True,True,False,True,,,,,,
283,esv3,e2sv3,E2s v3,2,memoryoptimized,16.0,standard,True,False,32.0,linux,True,True,False,True,,,,,,
284,esv4,e2sv4,E2s v4,2,memoryoptimized,16.0,standard,True,False,0.0,linux,True,True,False,True,,,,,,
285,esv5,e2sv5,E2s v5,2,memoryoptimized,16.0,standard,True,False,0.0,linux,True,True,False,True,,,,,,
286,ev3,e2v3,E2 v3,2,memoryoptimized,16.0,standard,True,False,50.0,linux,True,True,False,True,,,,,,
287,ev4,e2v4,E2 v4,2,memoryoptimized,16.0,standard,True,False,0.0,linux,True,True,False,True,,,,,,
288,ev5,e2v5,E2 v5,2,memoryoptimized,16.0,standard,True,False,,linux,True,True,False,True,,,,,,
289,eadsv5,e32-16adsv5,E32-16ads v5,32,memoryoptimized,256.0,standard,True,False,1200.0,linux,True,True,True,True,16.0,,,,,
290,easv4,e32-16as-v4,E32-16as v4,32,memoryoptimized,256.0,standard,True,False,512.0,linux,True,True,True,True,16.0,,,,,
291,easv5,e32-16asv5,E32-16as v5,32,memoryoptimized,256.0,standard,True,False,,linux,True,True,True,True,16.0,,,,,
292,edsv4,e32-16ds-v4,E32-16ds v4,32,memoryoptimized,256.0,standard,True,False,1200.0,linux,True,True,True,True,16.0,,,,,
293,edsv5,e32-16dsv5,E32-16ds v5,32,memoryoptimized,256.0,standard,True,False,1200.0,linux,True,True,True,True,16.0,,,,,
294,esv3,e32-16s-v3,E32-16s v3,32,memoryoptimized,256.0,standard,True,False,512.0,linux,True,True,True,True,16.0,,,,,
295,esv4,e32-16s-v4,E32-16s v4,32,memoryoptimized,256.0,standard,True,False,0.0,linux,True,True,True,True,16.0,,,,,
296,esv5,e32-16sv5,E32-16s v5,32,memoryoptimized,256.0,standard,True,False,0.0,linux,True,True,True,True,16.0,,,,,
297,eadsv5,e32-8adsv5,E32-8ads v5,32,memoryoptimized,256.0,standard,True,False,1200.0,linux,True,True,True,True,8.0,,,,,
298,easv4,e32-8as-v4,E32-8as v4,32,memoryoptimized,256.0,standard,True,False,512.0,linux,True,True,True,True,8.0,,,,,
299,easv5,e32-8asv5,E32-8as v5,32,memoryoptimized,256.0,standard,True,False,,linux,True,True,True,True,8.0,,,,,
300,edsv4,e32-8ds-v4,E32-8ds v4,32,memoryoptimized,256.0,standard,True,False,1200.0,linux,True,True,True,True,8.0,,,,,
301,edsv5,e32-8dsv5,E32-8ds v5,32,memoryoptimized,256.0,standard,True,False,1200.0,linux,True,True,True,True,8.0,,,,,
302,esv3,e32-8s-v3,E32-8s v3,32,memoryoptimized,256.0,standard,True,False,512.0,linux,True,True,True,True,8.0,,,,,
303,esv4,e32-8s-v4,E32-8s v4,32,memoryoptimized,256.0,standard,True,False,0.0,linux,True,True,True,True,8.0,,,,,
304,esv5,e32-sv5,E32s v5,32,memoryoptimized,256.0,standard,True,False,0.0,linux,True,True,True,True,8.0,,,,,
305,eadsv5,e32adsv5,E32ads v5,32,memoryoptimized,256.0,standard,True,False,1200.0,linux,True,True,False,True,,,,,,
306,easv4,e32asv4,E32as v4,32,memoryoptimized,256.0,standard,True,False,512.0,linux,True,True,False,True,,,,,,
307,easv5,e32asv5,E32as v5,32,memoryoptimized,256.0,standard,True,False,,linux,True,True,False,True,,,,,,
308,eav4,e32av4,E32a v4,32,memoryoptimized,256.0,standard,True,False,800.0,linux,True,True,False,True,,,,,,
309,ebdsv5,e32bdsv5,E32bds v5,32,memoryoptimized,256.0,standard,True,False,1200.0,linux,True,True,False,True,,,,,,
310,ebsv5,e32bsv5,E32bs v5,32,memoryoptimized,256.0,standard,True,False,,linux,True,True,False,True,,,,,,
311,edsv4,e32dsv4,E32ds v4,32,memoryoptimized,256.0,standard,True,False,1200.0,linux,True,True,False,True,,,,,,
312,edsv5,e32dsv5,E32ds v5,32,memoryoptimized,256.0,standard,True,False,1200.0,linux,True,True,False,True,,,,,,
313,edv4,e32dv4,E32d v4,32,memoryoptimized,256.0,standard,True,False,1200.0,linux,True,True,False,True,,,,,,
314,edv5,e32dv5,E32d v5,32,memoryoptimized,256.0,standard,True,False,1200.0,linux,True,True,False,True,,,,,,
315,epdsv5,e32pdsv5,E32pds v5,32,memoryoptimized,208.0,standard,True,False,1200.0,linux,True,True,False,True,,,,,,
316,epsv5,e32psv5,E32ps v5,32,memoryoptimized,208.0,standard,True,False,0.0,linux,True,True,False,True,,,,,,
317,esv3,e32sv3,E32s v3,32,memoryoptimized,256.0,standard,True,False,512.0,linux,True,True,False,True,,,,,,
318,esv4,e32sv4,E32s v4,32,memoryoptimized,256.0,standard,True,False,0.0,linux,True,True,False,True,,,,,,
319,esv5,e32sv5,E32s v5,32,memoryoptimized,256.0,standard,True,False,0.0,linux,True,True,False,True,,,,,,
320,ev3,e32v3,E32 v3,32,memoryoptimized,256.0,standard,True,False,800.0,linux,True,True,False,True,,,,,,
321,ev4,e32v4,E32 v4,32,memoryoptimized,256.0,standard,True,False,0.0,linux,True,True,False,True,,,,,,
322,ev5,e32v5,E32 v5,32,memoryoptimized,256.0,standard,True,False,,linux,True,True,False,True,,,,,,
323,eadsv5,e4-2adsv5,E4-2ads v5,4,memoryoptimized,32.0,standard,True,False,150.0,linux,True,True,True,True,2.0,,,,,
324,easv4,e4-2as-v4,E4-2as v4,4,memoryoptimized,32.0,standard,True,False,64.0,linux,True,True,True,True,2.0,,,,,
325,easv5,e4-2asv5,E4-2as v5,4,memoryoptimized,32.0,standard,True,False,,linux,True,True,True,True,2.0,,,,,
326,edsv4,e4-2ds-v4,E4-2ds v4,4,memoryoptimized,32.0,standard,True,False,150.0,linux,True,True,True,True,2.0,,,,,
327,edsv5,e4-2dsv5,E4-2ds v5,4,memoryoptimized,32.0,standard,True,False,150.0,linux,True,True,True,True,2.0,,,,,
328,esv3,e4-2s-v3,E4-2s v3,4,memoryoptimized,32.0,standard,True,False,64.0,linux,True,True,True,True,2.0,,,,,
329,esv4,e4-2s-v4,E4-2s v4,4,memoryoptimized,32.0,standard,True,False,0.0,linux,True,True,True,True,2.0,,,,,
330,esv5,e4-2sv5,E4-2s v5,4,memoryoptimized,32.0,standard,True,False,0.0,linux,True,True,True,True,2.0,,,,,
331,eadsv5,e48adsv5,E48ads v5,48,memoryoptimized,384.0,standard,True,False,1800.0,linux,True,True,False,True,,,,,,
332,easv4,e48asv4,E48as v4,48,memoryoptimized,384.0,standard,True,False,768.0,linux,True,True,False,True,,,,,,
333,easv5,e48asv5,E48as v5,48,memoryoptimized,384.0,standard,True,False,,linux,True,True,False,True,,,,,,
334,eav4,e48av4,E48a v4,48,memoryoptimized,384.0,standard,True,False,1200.0,linux,True,True,False,True,,,,,,
335,ebdsv5,e48bdsv5,E48bds v5,48,memoryoptimized,384.0,standard,True,False,1800.0,linux,True,True,False,True,,,,,,
336,ebsv5,e48bsv5,E48bs v5,48,memoryoptimized,384.0,standard,True,False,,linux,True,True,False,True,,,,,,
337,edsv4,e48dsv4,E48ds v4,48,memoryoptimized,384.0,standard,True,False,1800.0,linux,True,True,False,True,,,,,,
338,edsv5,e48dsv5,E48ds v5,48,memoryoptimized,384.0,standard,True,False,1800.0,linux,True,True,False,True,,,,,,
339,edv4,e48dv4,E48d v4,48,memoryoptimized,384.0,standard,True,False,1800.0,linux,True,True,False,True,,,,,,
340,edv5,e48dv5,E48d v5,48,memoryoptimized,384.0,standard,True,False,1800.0,linux,True,True,False,True,,,,,,
341,esv3,e48sv3,E48s v3,48,memoryoptimized,384.0,standard,True,False,768.0,linux,True,True,False,True,,,,,,
342,esv4,e48sv4,E48s v4,48,memoryoptimized,384.0,standard,True,False,0.0,linux,True,True,False,True,,,,,,
343,esv5,e48sv5,E48s v5,48,memoryoptimized,384.0,standard,True,False,0.0,linux,True,True,False,True,,,,,,
344,ev3,e48v3,E48 v3,48,memoryoptimized,384.0,standard,True,False,1200.0,linux,True,True,False,True,,,,,,
345,ev4,e48v4,E48 v4,48,memoryoptimized,384.0,standard,True,False,0.0,linux,True,True,False,True,,,,,,
346,ev5,e48v5,E48 v5,48,memoryoptimized,384.0,standard,True,False,,linux,True,True,False,True,,,,,,
347,eadsv5,e4adsv5,E4ads v5,4,memoryoptimized,32.0,standard,True,False,150.0,linux,True,True,False,True,,,,,,
348,easv4,e4asv4,E4as v4,4,memoryoptimized,32.0,standard,True,False,64.0,linux,True,True,False,True,,,,,,
349,easv5,e4asv5,E4as v5,4,memoryoptimized,32.0,standard,True,False,,linux,True,True,False,True,,,,,,
350,eav4,e4av4,E4a v4,4,memoryoptimized,32.0,standard,True,False,100.0,linux,True,True,False,True,,,,,,
351,ebdsv5,e4bdsv5,E4bds v5,4,memoryoptimized,32.0,standard,True,False,150.0,linux,True,True,False,True,,,,,,
352,ebsv5,e4bsv5,E4bs v5,4,memoryoptimized,32.0,standard,True,False,,linux,True,True,False,True,,,,,,
353,edsv4,e4dsv4,E4ds v4,4,memoryoptimized,32.0,standard,True,False,150.0,linux,True,True,False,True,,,,,,
354,edsv5,e4dsv5,E4ds v5,4,memoryoptimized,32.0,standard,True,False,150.0,linux,True,True,False,True,,,,,,
355,edv4,e4dv4,E4d v4,4,memoryoptimized,32.0,standard,True,False,150.0,linux,True,True,False,True,,,,,,
356,edv5,e4dv5,E4d v5,4,memoryoptimized,32.0,standard,True,False,150.0,linux,True,True,False,True,,,,,,
357,epdsv5,e4pdsv5,E4pds v5,4,memoryoptimized,32.0,standard,True,False,150.0,linux,True,True,False,True,,,,,,
358,epsv5,e4psv5,E4ps v5,4,memoryoptimized,32.0,standard,True,False,0.0,linux,True,True,False,True,,,,,,
359,esv3,e4sv3,E4s v3,4,memoryoptimized,32.0,standard,True,False,64.0,linux,True,True,False,True,,,,,,
360,esv4,e4sv4,E4s v4,4,memoryoptimized,32.0,standard,True,False,0.0,linux,True,True,False,True,,,,,,
361,esv5,e4sv5,E4s v5,4,memoryoptimized,32.0,standard,True,False,0.0,linux,True,True,False,True,,,,,,
362,ev3,e4v3,E4 v3,4,memoryoptimized,32.0,standard,True,False,100.0,linux,True,True,False,True,,,,,,
363,ev4,e4v4,E4 v4,4,memoryoptimized,32.0,standard,True,False,0.0,linux,True,True,False,True,,,,,,
364,ev5,e4v5,E4 v5,4,memoryoptimized,32.0,standard,True,False,,linux,True,True,False,True,,,,,,
365,eadsv5,e64-16adsv5,E64-16ads v5,64,memoryoptimized,512.0,standard,True,False,2400.0,linux,True,True,True,True,16.0,,,,,
366,easv4,e64-16as-v4,E64-16as v4,64,memoryoptimized,512.0,standard,True,False,1024.0,linux,True,True,True,True,16.0,,,,,
367,easv5,e64-16asv5,E64-16as v5,64,memoryoptimized,512.0,standard,True,False,,linux,True,True,True,True,16.0,,,,,
368,edsv4,e64-16ds-v4,E64-16ds v4,64,memoryoptimized,504.0,standard,True,False,2400.0,linux,True,True,True,True,16.0,,,,,
369,edsv5,e64-16dsv5,E64-16ds v5,64,memoryoptimized,512.0,standard,True,False,2400.0,linux,True,True,True,True,16.0,,,,,
370,esv3,e64-16s-v3,E64-16s v3,64,memoryoptimized,432.0,standard,True,False,864.0,linux,True,True,True,True,16.0,,,,,
371,esv4,e64-16s-v4,E64-16s v4,64,memoryoptimized,504.0,standard,True,False,0.0,linux,True,True,True,True,16.0,,,,,
372,esv5,e64-16sv5,E64-16s v5,64,memoryoptimized,512.0,standard,True,False,0.0,linux,True,True,True,True,16.0,,,,,
373,eadsv5,e64-32adsv5,E64-32ads v5,64,memoryoptimized,512.0,standard,True,False,2400.0,linux,True,True,True,True,32.0,,,,,
374,easv4,e64-32as-v4,E64-32as v4,64,memoryoptimized,512.0,standard,True,False,1024.0,linux,True,True,True,True,32.0,,,,,
375,easv5,e64-32asv5,E64-32as v5,64,memoryoptimized,512.0,standard,True,False,,linux,True,True,True,True,32.0,,,,,
376,edsv4,e64-32ds-v4,E64-32ds v4,64,memoryoptimized,504.0,standard,True,False,2400.0,linux,True,True,True,True,32.0,,,,,
377,edsv5,e64-32dsv5,E64-32ds v5,64,memoryoptimized,512.0,standard,True,False,2400.0,linux,True,True,True,True,32.0,,,,,
378,esv3,e64-32s-v3,E64-32s v3,64,memoryoptimized,432.0,standard,True,False,864.0,linux,True,True,True,True,32.0,,,,,
379,esv4,e64-32s-v4,E64-32s v4,64,memoryoptimized,504.0,standard,True,False,0.0,linux,True,True,True,True,32.0,,,,,
380,esv5,e64-32sv5,E64-32s v5,64,memoryoptimized,512.0,standard,True,False,0.0,linux,True,True,True,True,32.0,,,,,
381,eadsv5,e64adsv5,E64ads v5,64,memoryoptimized,512.0,standard,True,False,2400.0,linux,True,True,False,True,,,,,,
382,easv4,e64asv4,E64as v4,64,memoryoptimized,512.0,standard,True,False,1024.0,linux,True,True,False,True,,,,,,
383,easv5,e64asv5,E64as v5,64,memoryoptimized,512.0,standard,True,False,,linux,True,True,False,True,,,,,,
384,eav4,e64av4,E64a v4,64,memoryoptimized,512.0,standard,True,False,1600.0,linux,True,True,False,True,,,,,,
385,ebdsv5,e64bdsv5,E64bds v5,64,memoryoptimized,512.0,standard,True,False,2400.0,linux,True,True,False,True,,,,,,
386,ebsv5,e64bsv5,E64bs v5,64,memoryoptimized,512.0,standard,True,False,,linux,True,True,False,True,,,,,,
387,edsv4,e64dsv4,E64ds v4,64,memoryoptimized,504.0,standard,True,False,2400.0,linux,True,True,False,True,,,,,,
388,edsv5,e64dsv5,E64ds v5,64,memoryoptimized,512.0,standard,True,False,2400.0,linux,True,True,False,True,,,,,,
389,edv4,e64dv4,E64d v4,64,memoryoptimized,504.0,standard,True,False,2400.0,linux,True,True,False,True,,,,,,
390,edv5,e64dv5,E64d v5,64,memoryoptimized,512.0,standard,True,False,2400.0,linux,True,True,False,True,,,,,,
391,esv3,e64isv3,E64is v3,64,memoryoptimized,432.0,standard,True,False,864.0,linux,True,True,False,True,,,,,,
392,ev3,e64iv3,E64i v3,64,memoryoptimized,432.0,standard,True,False,1600.0,linux,True,True,False,True,,,,,,
393,esv3,e64sv3,E64s v3,64,memoryoptimized,432.0,standard,True,False,864.0,linux,True,True,False,True,,,,,,
394,esv4,e64sv4,E64s v4,64,memoryoptimized,504.0,standard,True,False,0.0,linux,True,True,False,True,,,,,,
395,esv5,e64sv5,E64s v5,64,memoryoptimized,512.0,standard,True,False,0.0,linux,True,True,False,True,,,,,,
396,ev3,e64v3,E64 v3,64,memoryoptimized,432.0,standard,True,False,1600.0,linux,True,True,False,True,,,,,,
397,ev4,e64v4,E64 v4,64,memoryoptimized,504.0,standard,True,False,0.0,linux,True,True,False,True,,,,,,
398,ev5,e64v5,E64 v5,64,memoryoptimized,512.0,standard,True,False,,linux,True,True,False,True,,,,,,
399,edsv4,e80idsv4,E80ids v4,80,memoryoptimized,504.0,standard,True,False,2400.0,linux,True,True,False,True,,E80idsv4,,,,
400,esv4,e80isv4,E80is v4,80,memoryoptimized,504.0,standard,True,False,2400.0,linux,True,True,False,True,,E80isv4,,,,
401,eadsv5,e8-2adsv5,E8-2ads v5,8,memoryoptimized,64.0,standard,True,False,300.0,linux,True,True,True,True,2.0,,,,,
402,easv4,e8-2as-v4,E8-2as v4,8,memoryoptimized,64.0,standard,True,False,128.0,linux,True,True,True,True,2.0,,,,,
403,easv5,e8-2asv5,E8-2as v5,8,memoryoptimized,64.0,standard,True,False,,linux,True,True,True,True,2.0,,,,,
404,edsv4,e8-2ds-v4,E8-2ds v4,8,memoryoptimized,64.0,standard,True,False,300.0,linux,True,True,True,True,2.0,,,,,
405,edsv5,e8-2dsv5,E8-2ds v5,8,memoryoptimized,64.0,standard,True,False,300.0,linux,True,True,True,True,2.0,,,,,
406,esv3,e8-2s-v3,E8-2s v3,8,memoryoptimized,64.0,standard,True,False,128.0,linux,True,True,True,True,2.0,,,,,
407,esv4,e8-2s-v4,E8-2s v4,8,memoryoptimized,64.0,standard,True,False,0.0,linux,True,True,True,True,2.0,,,,,
408,esv5,e8-2sv5,E8-2s v5,8,memoryoptimized,64.0,standard,True,False,0.0,linux,True,True,True,True,2.0,,,,,
409,eadsv5,e8-4adsv5,E8-4ads v5,8,memoryoptimized,64.0,standard,True,False,300.0,linux,True,True,True,True,4.0,,,,,
410,easv4,e8-4as-v4,E8-4as v4,8,memoryoptimized,64.0,standard,True,False,128.0,linux,True,True,True,True,4.0,,,,,
411,easv5,e8-4asv5,E8-4as v5,8,memoryoptimized,64.0,standard,True,False,,linux,True,True,True,True,4.0,,,,,
412,edsv4,e8-4ds-v4,E8-4ds v4,8,memoryoptimized,64.0,standard,True,False,300.0,linux,True,True,True,True,4.0,,,,,
413,edsv5,e8-4dsv5,E8-4ds v5,8,memoryoptimized,64.0,standard,True,False,300.0,linux,True,True,True,True,4.0,,,,,
414,esv3,e8-4s-v3,E8-4s v3,8,memoryoptimized,64.0,standard,True,False,128.0,linux,True,True,True,True,4.0,,,,,
415,esv4,e8-4s-v4,E8-4s v4,8,memoryoptimized,64.0,standard,True,False,0.0,linux,True,True,True,True,4.0,,,,,
416,esv5,e8-4sv5,E8-4s v5,8,memoryoptimized,64.0,standard,True,False,0.0,linux,True,True,True,True,4.0,,,,,
417,eadsv5,e8adsv5,E8ads v5,8,memoryoptimized,64.0,standard,True,False,300.0,linux,True,True,False,True,,,,,,
418,easv4,e8asv4,E8as v4,8,memoryoptimized,64.0,standard,True,False,128.0,linux,True,True,False,True,,,,,,
419,easv5,e8asv5,E8as v5,8,memoryoptimized,64.0,standard,True,False,,linux,True,True,False,True,,,,,,
420,eav4,e8av4,E8a v4,8,memoryoptimized,64.0,standard,True,False,200.0,linux,True,True,False,True,,,,,,
421,ebdsv5,e8bdsv5,E8bds v5,8,memoryoptimized,64.0,standard,True,False,300.0,linux,True,True,False,True,,,,,,
422,ebsv5,e8bsv5,E8bs v5,8,memoryoptimized,64.0,standard,True,False,,linux,True,True,False,True,,,,,,
423,edsv4,e8dsv4,E8ds v4,8,memoryoptimized,64.0,standard,True,False,300.0,linux,True,True,False,True,,,,,,
424,edsv5,e8dsv5,E8ds v5,8,memoryoptimized,64.0,standard,True,False,300.0,linux,True,True,False,True,,,,,,
425,edv4,e8dv4,E8d v4,8,memoryoptimized,64.0,standard,True,False,300.0,linux,True,True,False,True,,,,,,
426,edv5,e8dv5,E8d v5,8,memoryoptimized,64.0,standard,True,False,300.0,linux,True,True,False,True,,,,,,
427,epdsv5,e8pdsv5,E8pds v5,8,memoryoptimized,64.0,standard,True,False,300.0,linux,True,True,False,True,,,,,,
428,epsv5,e8psv5,E8ps v5,8,memoryoptimized,64.0,standard,True,False,0.0,linux,True,True,False,True,,,,,,
429,esv3,e8sv3,E8s v3,8,memoryoptimized,64.0,standard,True,False,128.0,linux,True,True,False,True,,,,,,
430,esv4,e8sv4,E8s v4,8,memoryoptimized,64.0,standard,True,False,0.0,linux,True,True,False,True,,,,,,
431,esv5,e8sv5,E8s v5,8,memoryoptimized,64.0,standard,True,False,0.0,linux,True,True,False,True,,,,,,
432,ev3,e8v3,E8 v3,8,memoryoptimized,64.0,standard,True,False,200.0,linux,True,True,False,True,,,,,,
433,ev4,e8v4,E8 v4,8,memoryoptimized,64.0,standard,True,False,0.0,linux,True,True,False,True,,,,,,
434,ev5,e8v5,E8 v5,8,memoryoptimized,64.0,standard,True,False,,linux,True,True,False,True,,,,,,
435,eadsv5,e96-24adsv5,E96-24ads v5,96,memoryoptimized,672.0,standard,True,False,3600.0,linux,True,True,True,True,24.0,,,,,
436,easv4,e96-24as-v4,E96-24as v4,96,memoryoptimized,672.0,standard,True,False,1344.0,linux,True,True,True,True,24.0,,,,,
437,easv5,e96-24asv5,E96-24as v5,96,memoryoptimized,672.0,standard,True,False,,linux,True,True,True,True,24.0,,,,,
438,edsv5,e96-24dsv5,E96-24ds v5,96,memoryoptimized,672.0,standard,True,False,2400.0,linux,True,True,True,True,24.0,,,,,
439,esv5,e96-24sv5,E96-24s v5,96,memoryoptimized,672.0,standard,True,False,3600.0,linux,True,True,True,True,24.0,,,,,
440,eadsv5,e96-48adsv5,E96-48ads v5,96,memoryoptimized,672.0,standard,True,False,3600.0,linux,True,True,True,True,48.0,,,,,
441,easv4,e96-48as-v4,E96-48as v4,96,memoryoptimized,672.0,standard,True,False,1344.0,linux,True,True,True,True,48.0,,,,,
442,easv5,e96-48asv5,E96-48as v5,96,memoryoptimized,672.0,standard,True,False,,linux,True,True,True,True,48.0,,,,,
443,edsv5,e96-48dsv5,E96-48ds v5,96,memoryoptimized,672.0,standard,True,False,2400.0,linux,True,True,True,True,48.0,,,,,
444,esv5,e96-48sv5,E96-48s v5,96,memoryoptimized,672.0,standard,True,False,3600.0,linux,True,True,True,True,48.0,,,,,
445,eadsv5,e96adsv5,E96ads v5,96,memoryoptimized,672.0,standard,True,False,3600.0,linux,True,True,False,True,,,,,,
446,easv4,e96asv4,E96as v4,96,memoryoptimized,672.0,standard,True,False,1344.0,linux,True,True,False,True,,,,,,
447,easv5,e96asv5,E96as v5,96,memoryoptimized,672.0,standard,True,False,,linux,True,True,False,True,,,,,,
448,eav4,e96av4,E96a v4,96,memoryoptimized,672.0,standard,True,False,2400.0,linux,True,True,False,True,,,,,,
449,ebdsv5,e96bdsv5,E96bds v5,96,memoryoptimized,672.0,standard,True,False,3600.0,linux,True,True,False,True,,,,,,
450,ebsv5,e96bsv5,E96bs v5,96,memoryoptimized,672.0,standard,True,False,,linux,True,True,False,True,,,,,,
451,edsv5,e96dsv5,E96ds v5,96,memoryoptimized,672.0,standard,True,False,3600.0,linux,True,True,False,True,,,,,,
452,edv5,e96dv5,E96d v5,96,memoryoptimized,672.0,standard,True,False,3600.0,linux,True,True,False,True,,,,,,
453,esv5,e96sv5,E96s v5,96,memoryoptimized,672.0,standard,True,False,0.0,linux,True,True,False,True,,,,,,
454,ev5,e96v5,E96 v5,96,memoryoptimized,672.0,standard,True,False,,linux,True,True,False,True,,,,,,
455,ecadsv5,ec16adsv5,EC16ads v5,16,generalpurpose,128.0,standard,True,False,600.0,linux,True,False,False,True,,,,,,
456,ecasv5,ec16asv5,EC16as v5,16,generalpurpose,128.0,standard,True,False,0.0,linux,True,False,False,True,,,,,,
457,ecadsv5,ec20adsv5,EC20ads v5,20,generalpurpose,160.0,standard,True,False,750.0,linux,True,False,False,True,,,,,,
458,ecasv5,ec20asv5,EC20as v5,20,generalpurpose,160.0,standard,True,False,0.0,linux,True,False,False,True,,,,,,
459,ecadsv5,ec2adsv5,EC2ads v5,2,generalpurpose,16.0,standard,True,False,75.0,linux,True,False,False,True,,,,,,
460,ecasv5,ec2asv5,EC2as v5,2,generalpurpose,16.0,standard,True,False,0.0,linux,True,False,False,True,,,,,,
461,ecadsv5,ec32adsv5,EC32ads v5,32,generalpurpose,192.0,standard,True,False,1200.0,linux,True,False,False,True,,,,,,
462,ecasv5,ec32asv5,EC32as v5,32,generalpurpose,192.0,standard,True,False,0.0,linux,True,False,False,True,,,,,,
463,ecadsv5,ec48adsv5,EC48ads v5,48,generalpurpose,384.0,standard,True,False,1800.0,linux,True,False,False,True,,,,,,
464,ecasv5,ec48asv5,EC48as v5,48,generalpurpose,384.0,standard,True,False,0.0,linux,True,False,False,True,,,,,,
465,ecadsv5,ec4adsv5,EC4ads v5,4,generalpurpose,32.0,standard,True,False,150.0,linux,True,False,False,True,,,,,,
466,ecasv5,ec4asv5,EC4as v5,4,generalpurpose,32.0,standard,True,False,0.0,linux,True,False,False,True,,,,,,
467,ecadsv5,ec64adsv5,EC64ads v5,64,generalpurpose,512.0,standard,True,False,2400.0,linux,True,False,False,True,,,,,,
468,ecasv5,ec64asv5,EC64as v5,64,generalpurpose,512.0,standard,True,False,0.0,linux,True,False,False,True,,,,,,
469,ecadsv5,ec8adsv5,EC8ads v5,8,generalpurpose,64.0,standard,True,False,300.0,linux,True,False,False,True,,,,,,
470,ecasv5,ec8asv5,EC8as v5,8,generalpurpose,64.0,standard,True,False,0.0,linux,True,False,False,True,,,,,,
471,ecadsv5,ec96adsv5,EC96ads v5,96,generalpurpose,672.0,standard,True,False,2400.0,linux,True,False,False,True,,,,,,
472,ecasv5,ec96asv5,EC96as v5,96,generalpurpose,672.0,standard,True,False,0.0,linux,True,False,False,True,,,,,,
473,ecadsv5,ec96iadsv5,EC96iads v5,96,generalpurpose,672.0,standard,True,False,2400.0,linux,True,False,False,True,,,,,,
474,ecasv5,ec96iasv5,EC96ias v5,96,generalpurpose,672.0,standard,True,False,0.0,linux,True,False,False,True,,,,,,
475,fs,f16s,F16s,16,computeoptimized,32.0,standard,True,False,64.0,linux,True,True,False,True,,,,,,
476,f,f16,F16,16,computeoptimized,32.0,standard,True,False,256.0,linux,True,True,False,True,,,,,,
477,fsv2,f16sv2,F16s v2,16,computeoptimized,32.0,standard,True,False,128.0,linux,True,True,False,True,,,,,,
478,fs,f1s,F1s,1,computeoptimized,2.0,standard,True,False,4.0,linux,True,True,False,True,,,,,,
479,f,f1,F1,1,computeoptimized,2.0,standard,True,False,16.0,linux,True,True,False,True,,,,,,
480,fs,f2s,F2s,2,computeoptimized,4.0,standard,True,False,8.0,linux,True,True,False,True,,,,,,
481,f,f2,F2,2,computeoptimized,4.0,standard,True,False,32.0,linux,True,True,False,True,,,,,,
482,fsv2,f2sv2,F2s v2,2,computeoptimized,4.0,standard,True,False,16.0,linux,True,True,False,True,,,,,,
483,fsv2,f32sv2,F32s v2,32,computeoptimized,64.0,standard,True,False,256.0,linux,True,True,False,True,,,,,,
484,fsv2,f48sv2,F48s v2,48,computeoptimized,96.0,standard,True,False,384.0,linux,True,True,False,True,,,,,,
485,fs,f4s,F4s,4,computeoptimized,8.0,standard,True,False,16.0,linux,True,True,False,True,,,,,,
486,f,f4,F4,4,computeoptimized,8.0,standard,True,False,64.0,linux,True,True,False,True,,,,,,
487,fsv2,f4sv2,F4s v2,4,computeoptimized,8.0,standard,True,False,32.0,linux,True,True,False,True,,,,,,
488,fsv2,f64sv2,F64s v2,64,computeoptimized,128.0,standard,True,False,512.0,linux,True,True,False,True,,,,,,
489,fsv2,f72sv2,F72s v2,72,computeoptimized,144.0,standard,True,False,576.0,linux,True,True,False,True,,,,,,
490,fs,f8s,F8s,8,computeoptimized,16.0,standard,True,False,32.0,linux,True,True,False,True,,,,,,
491,f,f8,F8,8,computeoptimized,16.0,standard,True,False,128.0,linux,True,True,False,True,,,,,,
492,fsv2,f8sv2,F8s v2,8,computeoptimized,16.0,standard,True,False,64.0,linux,True,True,False,True,,,,,,
493,fx,fx12mds,FX12mds,12,computeoptimized,252.0,standard,True,False,504.0,linux,True,True,False,True,,,,,,
494,fx,fx24mds,FX24mds,24,computeoptimized,504.0,standard,True,False,1008.0,linux,True,True,False,True,,,,,,
495,fx,fx36mds,FX36mds,36,computeoptimized,756.0,standard,True,False,1512.0,linux,True,True,False,True,,,,,,
496,fx,fx48mds,FX48mds,48,computeoptimized,1008.0,standard,True,False,2016.0,linux,True,True,False,True,,,,,,
497,fx,fx4mds,FX4mds,4,computeoptimized,84.0,standard,True,False,168.0,linux,True,True,False,True,,,,,,
498,g,g1,G1,2,memoryoptimized,28.0,standard,True,False,384.0,linux,True,True,False,True,,,,,,
499,g,g2,G2,4,memoryoptimized,56.0,standard,True,False,768.0,linux,True,True,False,True,,,,,,
500,g,g3,G3,8,memoryoptimized,112.0,standard,True,False,1536.0,linux,True,True,False,True,,,,,,
501,g,g4,G4,16,memoryoptimized,224.0,standard,True,False,3072.0,linux,True,True,False,True,,,,,,
502,g,g5,G5,32,memoryoptimized,448.0,standard,True,False,6144.0,linux,True,True,False,True,,,,,,
503,gs,gs1,Gs1,2,memoryoptimized,28.0,standard,True,False,56.0,linux,True,True,False,True,,,,,,
504,gs,gs2,Gs2,4,memoryoptimized,56.0,standard,True,False,112.0,linux,True,True,False,True,,,,,,
505,gs,gs3,Gs3,8,memoryoptimized,112.0,standard,True,False,224.0,linux,True,True,False,True,,,,,,
506,g,gs4-4,Gs4-4,16,memoryoptimized,224.0,standard,True,False,3072.0,linux,True,True,True,True,4.0,,,,,
507,g,gs4-8,Gs4-8,16,memoryoptimized,224.0,standard,True,False,3072.0,linux,True,True,True,True,8.0,,,,,
508,gs,gs4,Gs4,16,memoryoptimized,224.0,standard,True,False,448.0,linux,True,True,False,True,,,,,,
509,g,gs5-16,Gs5-16,32,memoryoptimized,448.0,standard,True,False,6144.0,linux,True,True,True,True,16.0,,,,,
510,g,gs5-8,Gs5-8,32,memoryoptimized,448.0,standard,True,False,6144.0,linux,True,True,True,True,8.0,,,,,
511,gs,gs5,Gs5,32,memoryoptimized,448.0,standard,True,False,896.0,linux,True,True,False,True,,,,,,
512,h,h16mr,H16mr,16,highperformancecompute,224.0,standard,True,False,2000.0,linux,True,False,False,True,,,,,,
513,h,h16m,H16m,16,highperformancecompute,224.0,standard,True,False,2000.0,linux,True,False,False,True,,,,,,
514,h,h16r,H16r,16,highperformancecompute,112.0,standard,True,False,2000.0,linux,True,False,False,True,,,,,,
515,h,h16,H16,16,highperformancecompute,112.0,standard,True,False,2000.0,linux,True,False,False,True,,,,,,
516,h,h8m,H8m,8,highperformancecompute,112.0,standard,True,False,1000.0,linux,True,False,False,True,,,,,,
517,h,h8,H8,8,highperformancecompute,56.0,standard,True,False,1000.0,linux,True,False,False,True,,,,,,
518,hbv2,hb120-16rs-v2,HB120-16rs v2,120,highperformancecompute,456.0,standard,True,False,900.0,linux,True,False,True,True,16.0,,,,,
519,hbv3,hb120-16rs-v3,HB120-16rs v3,120,highperformancecompute,448.0,standard,True,False,2100.0,linux,True,False,True,True,16.0,,,,,
520,hbv2,hb120-32rs-v2,HB120-32rs v2,120,highperformancecompute,456.0,standard,True,False,900.0,linux,True,False,True,True,32.0,,,,,
521,hbv3,hb120-32rs-v3,HB120-32rs v3,120,highperformancecompute,448.0,standard,True,False,2100.0,linux,True,False,True,True,32.0,,,,,
522,hbv2,hb120-64rs-v2,HB120-64rs v2,120,highperformancecompute,456.0,standard,True,False,900.0,linux,True,False,True,True,64.0,,,,,
523,hbv3,hb120-64rs-v3,HB120-64rs v3,120,highperformancecompute,448.0,standard,True,False,2100.0,linux,True,False,True,True,64.0,,,,,
524,hbv2,hb120-96rs-v2,HB120-96rs v2,120,highperformancecompute,456.0,standard,True,False,900.0,linux,True,False,True,True,96.0,,,,,
525,hbv3,hb120-96rs-v3,HB120-96rs v3,120,highperformancecompute,448.0,standard,True,False,2100.0,linux,True,False,True,True,96.0,,,,,
526,hbv2,hb120rsv2,HB120rs v2,120,highperformancecompute,456.0,standard,True,False,480.0,linux,True,False,False,True,,,,,,
527,hbv3,hb120rsv3,HB120rs v3,120,highperformancecompute,448.0,standard,True,False,2100.0,linux,True,False,False,True,,,,,,
528,hb,hb60-15rs,HB60-15rs,60,highperformancecompute,228.0,standard,True,False,700.0,linux,True,False,True,True,15.0,,,,,
529,hb,hb60-30rs,HB60-30rs,60,highperformancecompute,228.0,standard,True,False,700.0,linux,True,False,True,True,30.0,,,,,
530,hb,hb60-45rs,HB60-45rs,60,highperformancecompute,228.0,standard,True,False,700.0,linux,True,False,True,True,45.0,,,,,
531,hb,hb60rs,HB60rs,60,highperformancecompute,228.0,standard,True,False,700.0,linux,True,False,False,True,,,,,,
532,hc,hc44-16rs,HC44-16rs,44,highperformancecompute,352.0,standard,True,False,700.0,linux,True,False,True,True,16.0,,,,,
533,hc,hc44-32rs,HC44-32rs,44,highperformancecompute,352.0,standard,True,False,700.0,linux,True,False,True,True,32.0,,,,,
534,hc,hc44rs,HC44rs,44,highperformancecompute,352.0,standard,True,False,700.0,linux,True,False,False,True,,,,,,
535,lasv3,l16asv3,L16as v3,16,storageoptimized,128.0,standard,True,False,160.0,linux,True,True,False,True,,,2 x 1.9 TB,,,
536,ls,l16s,L16s,16,storageoptimized,128.0,standard,True,False,2807.0,linux,True,True,False,True,,,,,,
537,lsv2,l16sv2,L16s v2,16,storageoptimized,128.0,standard,True,False,160.0,linux,True,True,False,True,,,2 x 1.9 TB,,,
538,lsv3,l16sv3,L16s v3,16,storageoptimized,128.0,standard,True,False,160.0,linux,True,True,False,True,,,2 x 1.9 TB,,,
539,lasv3,l32asv3,L32as v3,32,storageoptimized,256.0,standard,True,False,320.0,linux,True,True,False,True,,,4 x 1.9 TB,,,
540,ls,l32s,L32s,32,storageoptimized,256.0,standard,True,False,5630.0,linux,True,True,False,True,,,,,,
541,lsv2,l32sv2,L32s v2,32,storageoptimized,256.0,standard,True,False,320.0,linux,True,True,False,True,,,4 x 1.9 TB,,,
542,lsv3,l32sv3,L32s v3,32,storageoptimized,256.0,standard,True,False,320.0,linux,True,True,False,True,,,4 x 1.9 TB,,,
543,lasv3,l48asv3,L48as v3,48,storageoptimized,384.0,standard,True,False,480.0,linux,True,True,False,True,,,6 x 1.9 TB,,,
544,lsv2,l48sv2,L48s v2,48,storageoptimized,384.0,standard,True,False,480.0,linux,True,True,False,True,,,6 x 1.9 TB,,,
545,lsv3,l48sv3,L48s v3,48,storageoptimized,384.0,standard,True,False,480.0,linux,True,True,False,True,,,6 x 1.9 TB,,,
546,ls,l4s,L4s,4,storageoptimized,32.0,standard,True,False,678.0,linux,True,True,False,True,,,,,,
547,lasv3,l64asv3,L64as v3,64,storageoptimized,512.0,standard,True,False,640.0,linux,True,True,False,True,,,8 x 1.9 TB,,,
548,lsv2,l64sv2,L64s v2,64,storageoptimized,512.0,standard,True,False,640.0,linux,True,True,False,True,,,8 x 1.9 TB,,,
549,lsv3,l64sv3,L64s v3,64,storageoptimized,512.0,standard,True,False,640.0,linux,True,True,False,True,,,8 x 1.9 TB,,,
550,lasv3,l80asv3,L80as v3,80,storageoptimized,640.0,standard,True,False,800.0,linux,True,True,False,True,,,10 x 1.9 TB,,,
551,lsv2,l80sv2,L80s v2,80,storageoptimized,640.0,standard,True,False,800.0,linux,True,True,False,True,,,10 x 1.9 TB,,,
552,lsv3,l80sv3,L80s v3,80,storageoptimized,640.0,standard,True,False,800.0,linux,True,True,False,True,,,10 x 1.9 TB,,,
553,lasv3,l8asv3,L8as v3,8,storageoptimized,64.0,standard,True,False,80.0,linux,True,True,False,True,,,1 x 1.9 TB,,,
554,ls,l8s,L8s,8,storageoptimized,64.0,standard,True,False,1388.0,linux,True,True,False,True,,,,,,
555,lsv2,l8sv2,L8s v2,8,storageoptimized,64.0,standard,True,False,80.0,linux,True,True,False,True,,,1 x 1.9 TB,,,
556,lsv3,l8sv3,L8s v3,8,storageoptimized,64.0,standard,True,False,80.0,linux,True,True,False,True,,,1 x 1.9 TB,,,
557,m,m128-32ms,M128-32ms,128,memoryoptimized,3800.0,standard,True,False,4096.0,linux,True,True,True,True,32.0,,,,,
558,m,m128-64ms,M128-64ms,128,memoryoptimized,3800.0,standard,True,False,4096.0,linux,True,True,True,True,64.0,,,,,
559,mdsv2,m128dmsv2,M128dms v2,128,memoryoptimized,3892.0,standard,True,False,4096.0,linux,True,True,False,True,,,,,,
560,mdsv2,m128dsv2,M128ds v2,128,memoryoptimized,2048.0,standard,True,False,4096.0,linux,True,True,False,True,,,,,,
561,m,m128ms,M128ms,128,memoryoptimized,3800.0,standard,True,False,4096.0,linux,True,True,False,True,,,,,,
562,m,m128m,M128m,128,memoryoptimized,3800.0,standard,True,False,14336.0,linux,True,True,False,True,,,,,,
563,msv2,m128msv2,M128ms v2,128,memoryoptimized,3892.0,standard,True,False,0.0,linux,True,True,False,True,,,,,,
564,m,m128s,M128s,128,memoryoptimized,2000.0,standard,True,False,4096.0,linux,True,True,False,True,,,,,,
565,m,m128,M128,128,memoryoptimized,2000.0,standard,True,False,14336.0,linux,True,True,False,True,,,,,,
566,msv2,m128sv2,M128s v2,128,memoryoptimized,2048.0,standard,True,False,0.0,linux,True,True,False,True,,,,,,
567,m,m16-4ms,M16-4ms,16,memoryoptimized,437.5,standard,True,False,256.0,linux,True,True,True,True,4.0,,,,,
568,m,m16-8ms,M16-8ms,16,memoryoptimized,437.5,standard,True,False,256.0,linux,True,True,True,True,8.0,,,,,
569,m,m16ms,M16ms,16,memoryoptimized,437.5,standard,True,False,512.0,linux,True,True,False,True,,,,,,
570,mdsv2,m192idmsv2,M192idms v2,192,memoryoptimized,4096.0,standard,True,False,4096.0,linux,True,True,False,True,,,,,,
571,mdsv2,m192idsv2,M192ids v2,192,memoryoptimized,2048.0,standard,True,False,4096.0,linux,True,True,False,True,,,,,,
572,msv2,m192imsv2,M192ims v2,192,memoryoptimized,4096.0,standard,True,False,0.0,linux,True,True,False,True,,,,,,
573,msv2,m192isv2,M192is v2,192,memoryoptimized,2048.0,standard,True,False,0.0,linux,True,True,False,True,,,,,,
574,mv2,m208msv2,M208ms v2,208,memoryoptimized,5700.0,standard,True,False,4096.0,linux,True,True,False,True,,,,,,
575,mv2,m208sv2,M208s v2,208,memoryoptimized,2850.0,standard,True,False,4096.0,linux,True,True,False,True,,,,,,
576,m,m32-16ms,M32-16ms,32,memoryoptimized,875.0,standard,True,False,1024.0,linux,True,True,True,True,16.0,,,,,
577,m,m32-8ms,M32-8ms,32,memoryoptimized,875.0,standard,True,False,1024.0,linux,True,True,True,True,8.0,,,,,
578,mdsv2,m32dmsv2,M32dms v2,32,memoryoptimized,875.0,standard,True,False,1024.0,linux,True,True,False,True,,,,,,
579,m,m32ls,M32ls,32,memoryoptimized,256.0,standard,True,False,1024.0,linux,True,True,False,True,,,,,,
580,m,m32ms,M32ms,32,memoryoptimized,875.0,standard,True,False,1024.0,linux,True,True,False,True,,,,,,
581,msv2,m32msv2,M32ms v2,32,memoryoptimized,875.0,standard,True,False,0.0,linux,True,True,False,True,,,,,,
582,m,m32ts,M32ts,32,memoryoptimized,192.0,standard,True,False,1024.0,linux,True,True,False,True,,,,,,
583,mv2,m416msv2,M416ms v2,416,memoryoptimized,11400.0,standard,True,False,8192.0,linux,True,True,False,True,,,,,,
584,mv2,m416sv2,M416s v2,416,memoryoptimized,5700.0,standard,True,False,8192.0,linux,True,True,False,True,,,,,,
585,m,m64-16ms,M64-16ms,64,memoryoptimized,1750.0,standard,True,False,2048.0,linux,True,True,True,True,16.0,,,,,
586,m,m64-32ms,M64-32ms,64,memoryoptimized,1750.0,standard,True,False,2048.0,linux,True,True,True,True,32.0,,,,,
587,mdsv2,m64dmsv2,M64dms v2,64,memoryoptimized,1792.0,standard,True,False,2048.0,linux,True,True,False,True,,,,,,
588,mdsv2,m64dsv2,M64ds v2,64,memoryoptimized,1024.0,standard,True,False,2048.0,linux,True,True,False,True,,,,,,
589,m,m64ls,M64ls,64,memoryoptimized,512.0,standard,True,False,2048.0,linux,True,True,False,True,,,,,,
590,m,m64ms,M64ms,64,memoryoptimized,1750.0,standard,True,False,2048.0,linux,True,True,False,True,,,,,,
591,m,m64m,M64m,64,memoryoptimized,1750.0,standard,True,False,7168.0,linux,True,True,False,True,,,,,,
592,msv2,m64msv2,M64ms v2,64,memoryoptimized,1792.0,standard,True,False,0.0,linux,True,True,False,True,,,,,,
593,m,m64s,M64s,64,memoryoptimized,1024.0,standard,True,False,2048.0,linux,True,True,False,True,,,,,,
594,m,m64,M64,64,memoryoptimized,1000.0,standard,True,False,7168.0,linux,True,True,False,True,,,,,,
595,msv2,m64sv2,M64s v2,64,memoryoptimized,1024.0,standard,True,False,0.0,linux,True,True,False,True,,,,,,
596,m,m8-2ms,M8-2ms,8,memoryoptimized,218.75,standard,True,False,256.0,linux,True,True,True,True,2.0,,,,,
597,m,m8-4ms,M8-4ms,8,memoryoptimized,218.75,standard,True,False,256.0,linux,True,True,True,True,4.0,,,,,
598,m,m8ms,M8ms,8,memoryoptimized,218.75,standard,True,False,256.0,linux,True,True,False,True,,,,,,
599,nc,nc12,NC12,12,gpu,112.0,standard,True,False,680.0,linux,True,True,False,True,,,,2X K80,,
600,ncsv2,nc12sv2,NC12s v2,12,gpu,224.0,standard,True,False,1474.0,linux,True,True,False,True,,,,2X P100,,
601,ncsv3,nc12sv3,NC12s v3,12,gpu,224.0,standard,True,False,1474.0,linux,True,True,False,True,,,,2X V100,,
602,nca10v4,nc16adsv4,NC16ads A10 v4,16,gpu,220.0,standard,True,False,1460.0,linux,True,True,False,True,,,,1X A10,,
603,ncast4v3,nc16ast4v3,NC16as T4 v3,16,gpu,110.0,standard,True,False,360.0,linux,True,True,False,True,,,,1X T4,,
604,nca100v4,nc24adsv4,NC24ads A100 v4,24,gpu,220.0,standard,True,False,1123.0,linux,True,False,False,True,,,,1X A100,,
605,nc,nc24r,NC24r,24,gpu,224.0,standard,True,False,1440.0,linux,True,True,False,True,,,,4X K80,,
606,ncsv2,nc24rsv2,NC24rs v2,24,gpu,448.0,standard,True,False,2948.0,linux,True,True,False,True,,,,4X P100,,
607,ncsv3,nc24rsv3,NC24rs v3,24,gpu,448.0,standard,True,False,2948.0,linux,True,True,False,True,,,,4X V100,,
608,nc,nc24,NC24,24,gpu,224.0,standard,True,False,1440.0,linux,True,True,False,True,,,,4X K80,,
609,ncsv2,nc24sv2,NC24s v2,24,gpu,448.0,standard,True,False,2948.0,linux,True,True,False,True,,,,4X P100,,
610,ncsv3,nc24sv3,NC24s v3,24,gpu,448.0,standard,True,False,2948.0,linux,True,True,False,True,,,,4X V100,,
611,nca10v4,nc32adsv4,NC32ads A10 v4,32,gpu,440.0,standard,True,False,2920.0,linux,True,True,False,True,,,,2X A10,,
612,nca100v4,nc48adsv4,NC48ads A100 v4,48,gpu,440.0,standard,True,False,2246.0,linux,True,False,False,True,,,,2X A100,,
613,ncast4v3,nc4ast4v3,NC4as T4 v3,4,gpu,28.0,standard,True,False,180.0,linux,True,True,False,True,,,,1X T4,,
614,ncast4v3,nc64ast4v3,NC64as T4 v3,64,gpu,440.0,standard,True,False,2880.0,linux,True,True,False,True,,,,4X T4,,
615,nc,nc6,NC6,6,gpu,56.0,standard,True,False,340.0,linux,True,True,False,True,,,,1X K80,,
616,ncsv2,nc6sv2,NC6s v2,6,gpu,112.0,standard,True,False,736.0,linux,True,True,False,True,,,,1X P100,,
617,ncsv3,nc6sv3,NC6s v3,6,gpu,112.0,standard,True,False,736.0,linux,True,True,False,True,,,,1X V100,,
618,nca10v4,nc8adsv4,NC8ads A10 v4,8,gpu,110.0,standard,True,False,730.0,linux,True,True,False,True,,,,1/2X A10,,
619,ncast4v3,nc8ast4v3,NC8as T4 v3,8,gpu,56.0,standard,True,False,360.0,linux,True,True,False,True,,,,1X T4,,
620,nca100v4,nc96adsv4,NC96ads A100 v4,96,gpu,880.0,standard,True,False,4492.0,linux,True,False,False,True,,,,4X A100,,
621,nds,nd12s,ND12s,12,gpu,224.0,standard,True,False,1474.0,linux,True,False,False,True,,,,2X P40,,
622,nds,nd24rs,ND24rs,24,gpu,448.0,standard,True,False,2948.0,linux,True,False,False,True,,,,4X P40,,
623,nds,nd24s,ND24s,24,gpu,448.0,standard,True,False,2948.0,linux,True,False,False,True,,,,4X P40,,
624,ndv2,nd40rsv2,ND40rs v2,40,gpu,672.0,standard,True,False,2900.0,linux,True,False,False,True,,,,8X V100 (NVlink),,
625,nds,nd6s,ND6s,6,gpu,112.0,standard,True,False,736.0,linux,True,False,False,True,,,,1X P40,,
626,ndamsrv4,nd96amsr,ND96amsr A100 v4,96,gpu,1900.0,standard,True,False,6400.0,linux,True,False,False,True,,,,8x 80GB A100 (NVlink),,
627,ndasrv4,nd96asr,ND96asr A100 v4,96,gpu,900.0,standard,True,False,6500.0,linux,True,False,False,True,,,,8x A100 (NVlink),,
628,np,np10s,NP10s,10,gpu,168.0,standard,True,False,700.0,linux,True,True,False,True,,,,,1x Xilinx U250,
629,np,np20s,NP20s,20,gpu,336.0,standard,True,False,1400.0,linux,True,True,False,True,,,,,2x Xilinx U250,
630,np,np40s,NP40s,40,gpu,672.0,standard,True,False,2800.0,linux,True,True,False,True,,,,,4x Xilinx U250,
631,nvv5,nv12adsv5,NV12ads A10 v5,12,gpu,110.0,standard,True,False,320.0,linux,True,True,False,True,,,,1/3X A10,,
632,nv,nv12,NV12,12,gpu,112.0,standard,True,False,680.0,linux,True,True,False,True,,,,2X M60,,
633,nvv3,nv12sv3,NV12s v3,12,gpu,112.0,standard,True,False,736.0,linux,True,True,False,True,,,,1X M60,,
634,nvv5,nv18adsv5,NV18ads A10 v5,18,gpu,220.0,standard,True,False,720.0,linux,True,True,False,True,,,,1/2X A10,,
635,nv,nv24,NV24,24,gpu,224.0,standard,True,False,1440.0,linux,True,True,False,True,,,,4X M60,,
636,nvv3,nv24sv3,NV24s v3,24,gpu,224.0,standard,True,False,1474.0,linux,True,True,False,True,,,,2X M60,,
637,nvv5,nv36admsv5,NV36adms A10 v5,36,gpu,880.0,standard,True,False,720.0,linux,True,True,False,True,,,,1X A10,,
638,nvv5,nv36adsv5,NV36ads A10 v5,36,gpu,440.0,standard,True,False,720.0,linux,True,True,False,True,,,,1X A10,,
639,nvv3,nv48sv3,NV48s v3,48,gpu,448.0,standard,True,False,2948.0,linux,True,True,False,True,,,,4X M60,,
640,nvv5,nv6adsv5,NV6adsv5,6,gpu,55.0,standard,True,False,180.0,linux,True,True,False,True,,,,1/6X A10,,
641,nv,nv6,NV6,6,gpu,56.0,standard,True,False,340.0,linux,True,True,False,True,,,,1X M60,,
642,nvv5,nv72adsv5,NV72ads A10 v5,72,gpu,880.0,standard,True,False,1400.0,linux,True,True,False,True,,,,2X A10,,
643,saphana,sap192m,S192m,192,memoryoptimized,4096.0,standard,False,False,16384.0,saphana,False,True,False,False,,,,,,
644,saphana,sap192,S192,192,memoryoptimized,2048.0,standard,False,False,8192.0,saphana,False,True,False,False,,,,,,
645,saphana,sap192xm,S192xm,192,memoryoptimized,6144.0,standard,False,False,16384.0,saphana,False,True,False,False,,,,,,
646,saphanagen2,sap224m,S224m,224,memoryoptimized,6144.0,standard,False,False,10250.0,saphana,False,True,False,False,,,,,,0.0
647,saphanagen2,sap224om,S224om,224,memoryoptimized,3072.0,standard,False,False,10250.0,saphana,False,True,False,False,,,,,,3072.0
648,saphanagen2,sap224oom,S224oom,224,memoryoptimized,3072.0,standard,False,False,14375.0,saphana,False,True,False,False,,,,,,6144.0
649,saphanagen2,sap224ooo,S224ooo,224,memoryoptimized,1536.0,standard,False,False,12312.0,saphana,False,True,False,False,,,,,,6144.0
650,saphanagen2,sap224oo,S224oo,224,memoryoptimized,1536.0,standard,False,False,8187.0,saphana,False,True,False,False,,,,,,3072.0
651,saphanagen2,sap224,S224,224,memoryoptimized,3072.0,standard,False,False,6125.0,saphana,False,True,False,False,,,,,,0.0
652,saphanagen2,sap32m,S32m,32,memoryoptimized,1536.0,standard,False,False,0.0,saphana,False,True,False,False,,,,,,0.0
653,saphana,sap384m,S384m,384,memoryoptimized,6144.0,standard,False,False,18432.0,saphana,False,True,False,False,,,,,,
654,saphana,sap384,S384,384,memoryoptimized,4096.0,standard,False,False,16384.0,saphana,False,True,False,False,,,,,,
655,saphana,sap384xm,S384xm,384,memoryoptimized,8192.0,standard,False,False,22528.0,saphana,False,True,False,False,,,,,,
656,saphana,sap384xxm,S384xxm,384,memoryoptimized,12000.0,standard,False,False,28250.0,saphana,False,True,False,False,,,,,,
657,saphanagen2,sap448m,S448m,448,memoryoptimized,12288.0,standard,False,False,18500.0,saphana,False,True,False,False,,,,,,0.0
658,saphanagen2,sap448om,S448om,448,memoryoptimized,6144.0,standard,False,False,18500.0,saphana,False,True,False,False,,,,,,6144.0
659,saphanagen2,sap448oom,S448oom,448,memoryoptimized,6144.0,standard,False,False,26750.0,saphana,False,True,False,False,,,,,,12288.0
660,saphanagen2,sap448ooo,S448ooo,448,memoryoptimized,3840.0,standard,False,False,22625.0,saphana,False,True,False,False,,,,,,11520.0
661,saphanagen2,sap448oo,S448oo,448,memoryoptimized,3072.0,standard,False,False,14375.0,saphana,False,True,False,False,,,,,,6144.0
662,saphanagen2,sap448,S448,448,memoryoptimized,6144.0,standard,False,False,10250.0,saphana,False,True,False,False,,,,,,0.0
663,saphana,sap576m,S576m,576,memoryoptimized,12000.0,standard,False,False,28250.0,saphana,False,True,False,False,,,,,,
664,saphanagen2,sap64m,S64m,64,memoryoptimized,3072.0,standard,False,False,0.0,saphana,False,True,False,False,,,,,,0.0
665,saphanagen2,sap672m,S672m,672,memoryoptimized,18432.0,standard,False,False,26750.0,saphana,False,True,False,False,,,,,,0.0
666,saphanagen2,sap672om,S672om,672,memoryoptimized,9216.0,standard,False,False,26750.0,saphana,False,True,False,False,,,,,,9216.0
667,saphanagen2,sap672oom,S672oom,672,memoryoptimized,9216.0,standard,False,False,39125.0,saphana,False,True,False,False,,,,,,18432.0
668,saphanagen2,sap672ooo,S672ooo,672,memoryoptimized,5760.0,standard,False,False,32938.0,saphana,False,True,False,False,,,,,,17280.0
669,saphanagen2,sap672oo,S672oo,672,memoryoptimized,4608.0,standard,False,False,20563.0,saphana,False,True,False,False,,,,,,9216.0
670,saphanagen2,sap672,S672,672,memoryoptimized,9216.0,standard,False,False,14375.0,saphana,False,True,False,False,,,,,,0.0
671,saphanagen2,sap896m,S896m,896,memoryoptimized,24576.0,standard,False,False,35000.0,saphana,False,True,False,False,,,,,,0.0
672,saphanagen2,sap896om,S896om,896,memoryoptimized,12288.0,standard,False,False,35000.0,saphana,False,True,False,False,,,,,,12288.0
673,saphanagen2,sap896oom,S896oom,896,memoryoptimized,12288.0,standard,False,False,51500.0,saphana,False,True,False,False,,,,,,24576.0
674,saphanagen2,sap896ooo,S896ooo,896,memoryoptimized,7680.0,standard,False,False,43250.0,saphana,False,True,False,False,,,,,,23040.0
675,saphanagen2,sap896oo,S896oo,896,memoryoptimized,6144.0,standard,False,False,26750.0,saphana,False,True,False,False,,,,,,12288.0
676,saphanagen2,sap896,S896,896,memoryoptimized,12288.0,standard,False,False,18500.0,saphana,False,True,False,False,,,,,,0.0
677,saphana,sap96,S96,96,memoryoptimized,768.0,standard,False,False,3072.0,saphana,False,True,False,False,,,,,,
